latitude,longitude,faculty_count,department_count,has_grad,has_remote,review_rating,review_count,difficulty_SD,found_year,difficulty_rank_encoded,type_National,type_Private,type_Public,state_Aichi Ken,state_Akita Ken,state_Aomori Ken,state_Chiba Ken,state_Ehime Ken,state_Fukui Ken,state_Fukuoka Ken,state_Fukushima Ken,state_Gifu Ken,state_Gunma Ken,state_Hiroshima Ken,state_Hokkai Do,state_Hyogo Ken,state_Ibaraki Ken,state_Ishikawa Ken,state_Iwate Ken,state_Kagawa Ken,state_Kagoshima Ken,state_Kanagawa Ken,state_Kochi Ken,state_Kumamoto Ken,state_Kyoto Fu,state_Mie Ken,state_Miyagi Ken,state_Miyazaki Ken,state_Nagano Ken,state_Nagasaki Ken,state_Nara Ken,state_Niigata Ken,state_Oita Ken,state_Okayama Ken,state_Okinawa Ken,state_Osaka Fu,state_Saga Ken,state_Saitama Ken,state_Shiga Ken,state_Shimane Ken,state_Shizuoka Ken,state_Tochigi Ken,state_Tokushima Ken,state_Tokyo To,state_Tottori Ken,state_Toyama Ken,state_Wakayama Ken,state_Yamagata Ken,state_Yamaguchi Ken,state_Yamanashi Ken
3.204094090186843,1.287313062740667,4.302625748770698,3.875037900256254,1,0,1.26375139378381,2.8352951955644894,2.3440150880091886,-2.635532231597485,1,True,False,False,False,False,False,False,False,False,False,False,False,False,False,True,False,False,False,False,False,False,False,False,False,False,False,False,False,False,False,False,False,False,False,False,False,False,False,False,False,False,False,False,False,False,False,False,False,False,False
3.247385122263947,1.3014997806496837,-0.475457482687542,-0.27444478712536297,1,0,-0.08467743980056815,0.7565752623240345,0.5455938051159911,-0.7652132224211663,4,True,False,False,False,False,False,False,False,False,False,False,False,False,False,True,False,False,False,False,False,False,False,False,False,False,False,False,False,False,False,False,False,False,False,False,False,False,False,False,False,False,False,False,False,False,False,False,False,False,False
2.904792670738021,1.1919908002683735,-0.475457482687542,-0.15588813891445966,1,0,-0.5584497326815654,-0.27171459814284116,-0.5496853220595657,-2.049312840661624,6,True,False,False,False,False,False,False,False,False,False,False,False,False,False,True,False,False,False,False,False,False,False,False,False,False,False,False,False,False,False,False,False,False,False,False,False,False,False,False,False,False,False,False,False,False,False,False,False,False,False
3.2562352678892723,1.1753466749138302,-0.63472692373615,-0.3930014353362663,1,0,-0.04823341727126142,0.05054849209917014,0.9377307765739062,-1.6864151224632338,3,True,False,False,False,False,False,False,False,False,False,False,False,False,False,True,False,False,False,False,False,False,False,False,False,False,False,False,False,False,False,False,False,False,False,False,False,False,False,False,False,False,False,False,False,False,False,False,False,False,False
3.118383454275989,1.8446824190172073,-0.475457482687542,-0.452279759441718,1,0,1.4095274839010403,-0.36765551813855446,1.5462191805603265,-0.821043640605534,2,True,False,False,False,False,False,False,False,False,False,False,False,False,False,True,False,False,False,False,False,False,False,False,False,False,False,False,False,False,False,False,False,False,False,False,False,False,False,False,False,False,False,False,False,False,False,False,False,False,False
3.489747316448042,1.6023263939862478,-0.63472692373615,-0.5115580835471697,1,0,0.42553887560973747,-0.39471577762452487,1.857224364820052,0.07224305034434966,2,True,False,False,False,False,False,False,False,False,False,False,False,False,False,True,False,False,False,False,False,False,False,False,False,False,False,False,False,False,False,False,False,False,False,False,False,False,False,False,False,False,False,False,False,False,False,False,False,False,False
3.5294877327531,2.0662317651749693,-0.63472692373615,-0.3930014353362663,1,0,-0.5584497326815654,-0.32091506993551466,-0.4820754993944078,-0.2906546678540406,5,True,False,False,False,False,False,False,False,False,False,False,False,False,False,True,False,False,False,False,False,False,False,False,False,False,False,False,False,False,False,False,False,False,False,False,False,False,False,False,False,False,False,False,False,False,False,False,False,False,False
2.1299583972672838,1.0209035488257745,1.1172369277985381,0.9704000190891222,1,0,0.09754267284596875,0.7614953095033019,0.6672914859132749,-1.4072630315413952,4,True,False,False,False,False,True,False,False,False,False,False,False,False,False,False,False,False,False,False,False,False,False,False,False,False,False,False,False,False,False,False,False,False,False,False,False,False,False,False,False,False,False,False,False,False,False,False,False,False,False
1.7512531631960957,1.2235513766398203,0.48015916360410604,0.6740083985618638,1,0,0.27976278549250727,0.48843269105396414,0.3968521952526437,-1.9097367952007047,4,True,False,False,False,False,False,False,False,False,False,False,False,False,False,False,False,False,False,True,False,False,False,False,False,False,False,False,False,False,False,False,False,False,False,False,False,False,False,False,False,False,False,False,False,False,False,False,False,False,False
1.119496676686771,1.143247551246654,3.028470220381834,3.875037900256254,1,0,1.3366394388424236,2.4023310437889625,2.3304931234761566,-2.3563801406756464,1,True,False,False,False,False,False,False,False,False,False,False,False,False,False,False,False,False,False,False,False,False,False,False,False,False,False,True,False,False,False,False,False,False,False,False,False,False,False,False,False,False,False,False,False,False,False,False,False,False,False
1.1222381709021862,1.1301616739376223,-0.63472692373615,-0.5115580835471697,1,0,0.49842692066835254,-0.13395327712335542,0.31572040805445417,-0.15107862239312125,4,True,False,False,False,False,False,False,False,False,False,False,False,False,False,False,False,False,False,False,False,False,False,False,False,False,False,True,False,False,False,False,False,False,False,False,False,False,False,False,False,False,False,False,False,False,False,False,False,False,False
1.7574327749992074,0.9180142249726564,0.320889722555498,0.7332867226673154,1,0,-0.04823341727126142,0.3211510869588743,0.5455938051159911,-1.6864151224632338,4,True,False,False,False,True,False,False,False,False,False,False,False,False,False,False,False,False,False,False,False,False,False,False,False,False,False,False,False,False,False,False,False,False,False,False,False,False,False,False,False,False,False,False,False,False,False,False,False,False,False
1.1166824913368585,0.983638754998083,1.435775809895754,1.6817399083545423,1,0,-0.1940095073884916,0.7787154746307376,0.5591157696490229,-1.6864151224632338,4,True,False,False,False,False,False,False,False,False,False,False,False,False,False,False,False,False,False,False,False,False,False,False,False,False,False,False,False,False,False,False,False,False,False,False,False,False,False,False,False,False,False,False,False,False,False,False,True,False,False
0.872972049681923,1.0154176119862786,0.16162028150689,0.02194683340189537,1,0,-0.3397855975057201,0.3211510869588743,-0.3333338895310604,-1.3793478224492113,5,True,False,False,False,False,False,False,False,False,False,True,False,False,False,False,False,False,False,False,False,False,False,False,False,False,False,False,False,False,False,False,False,False,False,False,False,False,False,False,False,False,False,False,False,False,False,False,False,False,False
0.3184252305149264,1.0119844871395052,0.7986980457013221,1.5631832601436388,1,0,-0.011789394741953068,0.7664153566825692,0.7619452376444963,-1.4072630315413952,4,True,False,False,False,False,False,False,False,False,False,False,False,False,False,False,False,True,False,False,False,False,False,False,False,False,False,False,False,False,False,False,False,False,False,False,False,False,False,False,False,False,False,False,False,False,False,False,False,False,False
0.1918587155327023,0.9078271873187594,2.232123015138794,5.001326058259836,1,0,1.3001954163131169,2.1760088735426644,2.3440150880091886,0.07224305034434966,1,True,False,False,False,False,False,False,False,False,False,False,False,False,False,False,False,True,False,False,False,False,False,False,False,False,False,False,False,False,False,False,False,False,False,False,False,False,False,False,False,False,False,False,False,False,False,False,False,False,False
0.19040792163998257,0.9108234464960298,-0.475457482687542,-0.33372311123081466,1,0,1.11797530366658,-0.5275570514647433,-0.9959101516496067,0.46305597763492373,6,True,False,False,False,False,False,False,False,False,False,False,False,False,False,False,False,True,False,False,False,False,False,False,False,False,False,False,False,False,False,False,False,False,False,False,False,False,False,False,False,False,False,False,False,False,False,False,False,False,False
0.38292779525020165,0.8512794168310456,0.48015916360410604,0.3183384539291537,1,0,0.49842692066835254,0.18830981311865588,1.05942845737119,-1.3514326133570274,3,True,False,False,False,False,False,False,False,False,False,False,False,False,False,False,False,False,False,False,False,False,False,False,False,False,False,False,False,False,False,False,False,False,False,False,False,False,False,False,False,False,True,False,False,False,False,False,False,False,False
0.33100598900724687,0.5865147706599817,0.7986980457013221,0.43689510214005706,1,0,0.24331876296319893,0.4785925966954294,1.2757798898996953,-1.5468390770023144,3,True,False,False,False,False,False,False,False,False,False,False,False,True,False,False,False,False,False,False,False,False,False,False,False,False,False,False,False,False,False,False,False,False,False,False,False,False,False,False,False,False,False,False,False,False,False,False,False,False,False
0.0853558190430155,0.7579271597576639,0.639428604652714,1.8002965565654456,1,0,0.24331876296319893,1.3469809238361163,1.343389712564853,-1.3793478224492113,3,True,False,False,False,False,False,False,False,False,False,False,False,False,False,False,False,False,False,False,False,False,False,False,False,False,False,False,False,False,False,False,False,False,False,False,False,False,True,False,False,False,False,False,False,False,False,False,False,False,False
-0.0170183940812229,0.9087468884947978,1.75431469199297,1.5039049360381873,1,0,0.935755191020043,2.094828095084753,2.033009903749463,-1.3793478224492113,2,True,False,False,False,False,False,True,False,False,False,False,False,False,False,False,False,False,False,False,False,False,False,False,False,False,False,False,False,False,False,False,False,False,False,False,False,False,False,False,False,False,False,False,False,False,False,False,False,False,False
0.02113103828600613,0.8051049988332839,3.028470220381834,7.0760674019506435,1,0,1.9197437993113442,4.845134468295202,3.709733505845376,-2.6076170225053015,0,True,False,False,False,False,False,False,False,False,False,False,False,False,False,False,False,False,False,False,False,False,False,False,False,False,False,False,False,False,False,False,False,False,False,False,False,False,False,False,False,False,False,False,True,False,False,False,False,False,False
0.015801220460018053,0.8057321370069441,-0.31618804163893405,-0.0373314907035563,1,0,1.5188595514889638,-0.1929938432745636,2.371059017075252,-1.1839413588039243,1,True,False,False,False,False,False,False,False,False,False,False,False,False,False,False,False,False,False,False,False,False,False,False,False,False,False,False,False,False,False,False,False,False,False,False,False,False,False,False,False,False,False,False,True,False,False,False,False,False,False
0.0032009911280994462,0.731379122235394,-0.31618804163893405,-0.3930014353362663,1,0,1.3730834613717335,0.41217195977532023,2.7902399175992305,-1.9934824224772563,1,True,False,False,False,False,False,False,False,False,False,False,False,False,False,False,False,False,False,False,False,False,False,False,False,False,False,False,False,False,False,False,False,False,False,False,False,False,False,False,False,False,False,False,True,False,False,False,False,False,False
0.017694218754279584,0.7224646270892213,-0.31618804163893405,-0.15588813891445966,1,0,0.9721992135493498,0.8549762059093815,1.5462191805603265,-0.7652132224211663,2,True,False,False,False,False,False,False,False,False,False,False,False,False,False,False,False,False,False,False,False,False,False,False,False,False,False,False,False,False,False,False,False,False,False,False,False,False,False,False,False,False,False,False,True,False,False,False,False,False,False
0.008063508803732255,0.7184789508904058,0.002350840458282005,1.8002965565654456,1,0,0.6806470333148894,0.33837125208631,1.857224364820052,-1.5747542860944983,2,True,False,False,False,False,False,False,False,False,False,False,False,False,False,False,False,False,False,False,False,False,False,False,False,False,False,False,False,False,False,False,False,False,False,False,False,False,False,False,False,False,False,False,True,False,False,False,False,False,False
0.02334768520291819,0.8078458362009865,0.16162028150689,1.5039049360381873,1,0,1.5917475965475771,-0.14871341866115748,1.5056532869612322,-2.3284649315834627,2,True,False,False,False,False,False,False,False,False,False,False,False,False,False,False,False,False,False,False,False,False,False,False,False,False,False,False,False,False,False,False,False,False,False,False,False,False,False,False,False,False,False,False,True,False,False,False,False,False,False
-0.02527489544146697,0.7812557865098038,0.95796748674993,-0.0373314907035563,1,0,1.5917475965475771,0.4835126438746968,2.9660254565286404,-2.495956186136566,0,True,False,False,False,False,False,False,False,False,False,False,False,False,False,False,False,False,False,False,False,False,False,False,False,False,False,False,False,False,False,False,False,False,False,False,False,False,False,False,False,False,False,False,True,False,False,False,False,False,False
-0.01690156904363408,0.8000230485745884,0.002350840458282005,0.43689510214005706,1,0,1.26375139378381,-0.12165315917518704,1.3569116770978848,-2.663447440689669,3,True,False,False,False,False,False,False,False,False,False,False,False,False,False,False,False,False,False,False,False,False,False,False,False,False,False,False,False,False,False,False,False,False,False,False,False,False,False,False,False,False,False,False,True,False,False,False,False,False,False
0.023547153137468257,0.7960513764320772,-0.31618804163893405,0.43689510214005706,1,0,1.7739677091941142,0.39249177105825084,2.371059017075252,-2.691362649781853,1,True,False,False,False,False,False,False,False,False,False,False,False,False,False,False,False,False,False,False,False,False,False,False,False,False,False,False,False,False,False,False,False,False,False,False,False,False,False,False,False,False,False,False,True,False,False,False,False,False,False
-0.0034078445168239098,0.7384679146498059,-0.63472692373615,-0.21516646301991132,1,0,0.38909485308042907,-0.1659335837885932,1.8842682938861155,-0.7931284315133501,2,True,False,False,False,False,False,False,False,False,False,False,False,False,False,False,False,False,False,False,False,False,False,False,False,False,False,False,False,False,False,False,False,False,False,False,False,False,False,False,False,False,False,False,True,False,False,False,False,False,False
0.012582474331790019,0.7078179063741868,0.639428604652714,0.14050348161279871,1,0,1.628191619076884,0.4810526202850631,3.3581624279865565,-1.4072630315413952,0,True,False,False,False,False,False,False,False,False,False,False,False,False,False,False,False,False,False,False,False,False,False,False,False,False,False,False,False,False,False,False,False,False,False,False,False,False,False,False,False,False,False,False,True,False,False,False,False,False,False
-0.08152268955779758,0.7528217679264565,1.1172369277985381,1.7410182324599939,1,0,0.316206808021814,1.0985185412831153,2.3981029461413144,-1.4072630315413952,1,True,False,False,False,False,False,False,False,False,False,False,False,False,False,False,False,False,False,False,False,False,True,False,False,False,False,False,False,False,False,False,False,False,False,False,False,False,False,False,False,False,False,False,False,False,False,False,False,False,False
0.9527419160887381,0.5555767659220899,1.75431469199297,2.096688177092704,1,0,0.17043071790458383,1.6003633535683848,0.8971648829748119,-1.435178240633579,3,True,False,False,False,False,False,False,False,False,False,False,False,False,False,False,False,False,False,False,False,False,False,False,False,False,False,False,False,False,False,False,True,False,False,False,False,False,False,False,False,False,False,False,False,False,False,False,False,False,False
0.7612946693977098,0.5054118007494102,-0.63472692373615,-0.09660981480900797,1,0,0.49842692066835254,-0.42177603711049527,-0.008806740738303138,0.15598867762090124,5,True,False,False,False,False,False,False,False,False,False,False,False,False,False,False,False,False,False,False,False,False,False,False,False,False,False,False,False,False,False,False,True,False,False,False,False,False,False,False,False,False,False,False,False,False,False,False,False,False,False
0.6358899145115089,0.3372556591786538,-0.63472692373615,-0.5708364076526213,1,0,1.0086432360786566,-0.4020958483934259,1.0729504219042219,0.21181909580526898,3,True,False,False,False,False,False,False,False,False,False,False,False,False,False,False,False,False,False,False,False,False,False,False,False,False,False,False,False,False,False,False,True,False,False,False,False,False,False,False,False,False,False,False,False,False,False,False,False,False,False
0.44754069474320074,0.02083004929832045,2.3913924561874023,2.5709147699363175,1,0,-0.011789394741953068,0.9533771494947285,1.0459064928381583,-1.4072630315413952,3,True,False,False,False,False,False,False,False,False,False,False,False,False,False,False,False,False,False,False,False,False,False,False,False,False,False,False,False,False,False,False,False,False,False,False,False,False,False,False,False,False,False,False,False,False,True,False,False,False,False
0.38103955649451193,-0.12457315400883572,0.95796748674993,2.096688177092704,1,0,-0.1940095073884916,1.2239797443544327,1.3839556061639473,-2.1330584679381754,3,True,False,False,False,False,False,False,False,False,False,False,False,False,False,False,False,False,True,False,False,False,False,False,False,False,False,False,False,False,False,False,False,False,False,False,False,False,False,False,False,False,False,False,False,False,False,False,False,False,False
0.17693756212068956,-0.27589002674479773,0.639428604652714,0.7332867226673154,1,0,0.06109865031666202,0.05300851568880381,1.0188625637720958,-1.3235174042648437,3,True,False,False,False,False,False,False,False,True,False,False,False,False,False,False,False,False,False,False,False,False,False,False,False,False,False,False,False,False,False,False,False,False,False,False,False,False,False,False,False,False,False,False,False,False,False,False,False,False,False
0.005711431380279863,0.44288582039947455,0.16162028150689,0.614730074456412,1,0,0.024654627787353667,0.03824837415100177,0.721379344045401,-1.2956021951726597,4,True,False,False,False,False,False,False,False,False,False,False,False,False,False,False,False,False,False,False,False,False,False,False,False,False,False,False,False,False,False,False,False,False,False,False,False,False,False,False,False,False,False,False,False,False,False,False,False,False,True
0.2527397041027335,0.2619086608454533,1.1172369277985381,0.9704000190891222,1,0,0.42553887560973747,1.305160522812344,1.1405602445693797,-1.6864151224632338,3,True,False,False,False,False,False,False,False,False,False,False,False,False,False,False,False,False,False,False,False,False,False,False,False,False,False,False,False,True,False,False,False,False,False,False,False,False,False,False,False,False,False,False,False,False,False,False,False,False,False
-0.0864414563256021,-0.11599323403394525,1.2765063688471459,1.5039049360381873,1,0,0.42553887560973747,0.8844964889849856,1.343389712564853,-1.3235174042648437,3,True,False,False,False,False,False,False,False,False,False,False,True,False,False,False,False,False,False,False,False,False,False,False,False,False,False,False,False,False,False,False,False,False,False,False,False,False,False,False,False,False,False,False,False,False,False,False,False,False,False
-0.3023103280965453,0.39965651632985977,0.7986980457013221,1.3260699637218323,1,0,0.4619828981390442,1.1477190130757886,1.113516315503316,-1.3514326133570274,3,True,False,False,False,False,False,False,False,False,False,False,False,False,False,False,False,False,False,False,False,False,False,False,False,False,False,False,False,False,False,False,False,False,False,False,False,False,False,False,False,True,False,False,False,False,False,False,False,False,False
-0.3875385198706945,0.1904079070200371,-0.63472692373615,-0.452279759441718,1,0,0.27976278549250727,-0.4193160135208616,2.884893669330452,0.10015825943653352,0,True,False,False,False,False,False,False,False,False,False,False,False,False,False,False,False,False,False,False,False,False,False,False,False,False,False,False,False,False,False,False,False,False,False,False,False,False,False,False,False,True,False,False,False,False,False,False,False,False,False
-0.22051982122477234,-0.04687073429233225,2.5506618972360102,3.815759576150802,1,0,1.4824155289596537,2.5696126478840524,2.2358393717449365,-1.7422455406476016,1,True,False,False,True,False,False,False,False,False,False,False,False,False,False,False,False,False,False,False,False,False,False,False,False,False,False,False,False,False,False,False,False,False,False,False,False,False,False,False,False,False,False,False,False,False,False,False,False,False,False
-0.2657207263237868,-0.020996413652740804,-0.475457482687542,-0.3930014353362663,1,0,0.20687474043389217,0.7491951915551335,1.0729504219042219,-0.7652132224211663,3,True,False,False,True,False,False,False,False,False,False,False,False,False,False,False,False,False,False,False,False,False,False,False,False,False,False,False,False,False,False,False,False,False,False,False,False,False,False,False,False,False,False,False,False,False,False,False,False,False,False
-0.21999497392627237,-0.05887890813789354,-0.63472692373615,-0.09660981480900797,1,0,0.7170910558441962,0.14156936491561609,1.9248341874852097,-1.8259911679241532,2,True,False,False,True,False,False,False,False,False,False,False,False,False,False,False,False,False,False,False,False,False,False,False,False,False,False,False,False,False,False,False,False,False,False,False,False,False,False,False,False,False,False,False,False,False,False,False,False,False,False
-0.41706063955466516,0.08814572134057928,-0.63472692373615,-0.15588813891445966,1,0,0.20687474043389217,-0.42669608428976263,1.343389712564853,0.15598867762090124,3,True,False,False,True,False,False,False,False,False,False,False,False,False,False,False,False,False,False,False,False,False,False,False,False,False,False,False,False,False,False,False,False,False,False,False,False,False,False,False,False,False,False,False,False,False,False,False,False,False,False
-0.3978645551375563,-0.18126461829168009,0.7986980457013221,1.3260699637218323,1,0,0.4619828981390442,0.9336969607776591,1.2081700672345375,-1.3793478224492113,3,True,False,False,False,False,False,False,False,False,False,False,False,False,False,False,False,False,False,False,False,False,False,False,False,False,True,False,False,False,False,False,False,False,False,False,False,False,False,False,False,False,False,False,False,False,False,False,False,False,False
-0.16744750470423425,-0.2652938270979919,0.16162028150689,0.19978180571825038,1,0,0.06109865031666202,0.2621105208076661,1.1676041736354432,-1.3514326133570274,3,True,False,False,False,False,False,False,False,False,False,False,False,False,False,False,False,False,False,False,False,False,False,False,False,False,False,False,False,False,False,False,False,False,False,False,False,False,False,True,False,False,False,False,False,False,False,False,False,False,False
-0.2989297576569905,-0.35671382883729247,-0.63472692373615,-0.5115580835471697,1,0,0.24331876296319893,-0.43161613146903,2.3304931234761566,0.10015825943653352,1,True,False,False,False,False,False,False,False,False,False,False,False,False,False,False,False,False,False,False,False,False,False,False,False,False,False,False,False,False,False,False,False,False,False,False,False,False,False,True,False,False,False,False,False,False,False,False,False,False,False
-0.2762033936780834,-0.40692993925908694,3.506278543527658,4.8234910859434805,1,0,1.4095274839010403,2.9459962570980047,3.0471572437268293,-2.3563801406756464,0,True,False,False,False,False,False,False,False,False,False,False,False,False,False,False,False,False,False,False,False,False,False,False,False,True,False,False,False,False,False,False,False,False,False,False,False,False,False,False,False,False,False,False,False,False,False,False,False,False,False
-0.30881012703971783,-0.40946619563033076,-0.31618804163893405,-0.3930014353362663,1,0,0.6442030107855827,-0.14379337148189011,1.1540822091024114,-0.7652132224211663,3,True,False,False,False,False,False,False,False,False,False,False,False,False,False,False,False,False,False,False,False,False,False,False,False,True,False,False,False,False,False,False,False,False,False,False,False,False,False,False,False,False,False,False,False,False,False,False,False,False,False
-0.266336004855086,-0.40651194862198203,-0.63472692373615,0.6740083985618638,1,0,0.8264231234321197,-0.05277249866544417,1.803136506687926,-1.9934824224772563,2,True,False,False,False,False,False,False,False,False,False,False,False,False,False,False,False,False,False,False,False,False,False,False,False,True,False,False,False,False,False,False,False,False,False,False,False,False,False,False,False,False,False,False,False,False,False,False,False,False,False
-0.3659708871905351,-0.486327763096522,3.187739661430442,3.697202927939899,1,0,1.11797530366658,3.9447658344892766,2.465712768806472,-1.4910086588179468,1,True,False,False,False,False,False,False,False,False,False,False,False,False,False,False,False,False,False,False,False,False,False,False,False,False,False,False,False,False,False,False,False,False,False,False,True,False,False,False,False,False,False,False,False,False,False,False,False,False,False
-0.48166877950909553,-0.4480826853274698,0.002350840458282005,0.2590601298237021,1,0,0.6442030107855827,0.8106957812959754,1.235213996300601,-0.7652132224211663,3,True,False,False,False,False,False,False,False,False,False,False,False,False,False,False,False,False,False,False,False,False,False,False,False,False,False,False,False,False,False,False,False,False,False,False,True,False,False,False,False,False,False,False,False,False,False,False,False,False,False
-0.3258142276034048,-0.6400043193198863,-0.475457482687542,-0.33372311123081466,1,0,0.06109865031666202,-0.3750355889074555,1.4109995352300109,0.21181909580526898,3,True,False,False,False,False,False,False,False,False,False,False,False,False,False,False,True,False,False,False,False,False,False,False,False,False,False,False,False,False,False,False,False,False,False,False,False,False,False,False,False,False,False,False,False,False,False,False,False,False,False
-0.4062941306275609,-0.573102375810633,3.506278543527658,3.341532983307189,1,0,0.6442030107855827,2.724594134030974,2.3981029461413144,-1.9097367952007047,1,True,False,False,False,False,False,False,False,False,False,False,False,False,False,False,True,False,False,False,False,False,False,False,False,False,False,False,False,False,False,False,False,False,False,False,False,False,False,False,False,False,False,False,False,False,False,False,False,False,False
-0.42833901522053625,-0.38702926194161197,-0.63472692373615,-0.5708364076526213,1,0,0.35265083055112234,-0.220054102760534,1.1676041736354432,-0.7652132224211663,3,True,False,False,False,False,False,False,False,False,False,False,False,False,False,False,False,False,False,False,False,False,False,False,False,False,False,False,False,False,False,True,False,False,False,False,False,False,False,False,False,False,False,False,False,False,False,False,False,False,False
-0.42243502396906485,-0.39225064389134723,-0.156918600590326,0.7332867226673154,1,0,0.8993111684907331,0.2719506151662008,1.6408729322915478,-1.7422455406476016,2,True,False,False,False,False,False,False,False,False,False,False,False,False,False,False,False,False,False,False,False,False,False,False,False,False,False,False,False,False,False,True,False,False,False,False,False,False,False,False,False,False,False,False,False,False,False,False,False,False,False
-0.6051623633174128,-0.598726145616768,0.320889722555498,-0.15588813891445966,1,0,0.17043071790458383,0.3678915351619141,0.9782966701730005,-1.3514326133570274,3,True,False,False,False,False,False,False,False,False,False,False,False,False,False,False,False,False,False,False,False,False,False,False,False,False,False,False,False,False,False,False,False,False,False,False,False,False,False,False,False,False,False,False,False,False,False,True,False,False,False
-0.06486690068025439,-0.8967422057401137,0.48015916360410604,0.43689510214005706,1,0,0.06109865031666202,0.3851117002893498,1.0188625637720958,-1.4072630315413952,3,True,False,False,False,False,False,False,False,False,False,False,False,False,False,False,False,False,False,False,False,False,False,False,False,False,False,False,False,False,False,False,False,False,False,False,False,False,False,False,False,False,False,False,False,True,False,False,False,False,False
-0.0771551638932795,-1.2331007631546214,0.95796748674993,1.0889566673000255,1,0,0.09754267284596875,0.2522704264491314,0.6808134504463067,-1.4072630315413952,4,True,False,False,False,False,False,False,False,False,False,False,False,False,False,False,False,False,False,False,False,False,False,False,False,False,False,False,False,False,False,False,False,False,False,False,False,False,False,False,True,False,False,False,False,False,False,False,False,False,False
-0.42351933339201875,-0.974570053091344,2.3913924561874023,3.222976335096286,1,0,0.7535350783735029,2.0849880007262187,1.397477570696979,-1.9655672133850723,3,True,False,False,False,False,False,False,False,False,False,False,False,False,False,False,False,False,False,False,False,False,False,False,False,False,False,False,False,False,False,False,False,False,True,False,False,False,False,False,False,False,False,False,False,False,False,False,False,False,False
-0.5471483477068734,-1.3410348960736331,1.75431469199297,1.5631832601436388,1,0,0.8264231234321197,2.2129092273871698,1.5056532869612322,-1.9097367952007047,2,True,False,False,False,False,False,False,False,False,False,False,False,False,True,False,False,False,False,False,False,False,False,False,False,False,False,False,False,False,False,False,False,False,False,False,False,False,False,False,False,False,False,False,False,False,False,False,False,False,False
-0.6566233596898805,-1.7204047813770127,1.913584133041578,2.037409852987252,1,0,0.06109865031666202,1.18215934333066,0.8971648829748119,-1.8259911679241532,3,True,False,False,False,False,False,False,False,False,False,False,False,False,False,False,False,False,False,False,False,False,False,False,False,False,False,False,False,False,False,False,False,False,False,False,False,False,False,False,False,False,False,False,False,False,False,False,False,True,False
-0.6903048833973284,-0.7789924470953005,0.95796748674993,0.614730074456412,1,0,-0.011789394741953068,0.37281158234118145,0.8971648829748119,-1.3514326133570274,3,True,False,False,False,False,False,False,False,False,False,False,False,False,False,False,False,False,False,False,False,False,False,False,False,False,False,False,False,False,False,False,False,False,False,False,False,False,False,False,False,False,False,True,False,False,False,False,False,False,False
-0.6326954285651074,-0.7650842881323574,-0.63472692373615,-0.5708364076526213,1,0,1.26375139378381,-0.49557674479950553,0.9647747056399697,0.2955647230818206,3,True,False,False,False,False,False,False,False,False,False,False,False,False,False,False,False,False,False,False,False,False,False,False,False,False,False,False,False,False,False,False,False,False,False,False,False,False,False,False,False,False,False,True,False,False,False,False,False,False,False
-0.571883669646981,-0.9376349634588323,0.95796748674993,0.5554517503509604,1,0,0.27976278549250727,0.4810526202850631,1.05942845737119,-1.3235174042648437,3,True,False,False,False,False,False,False,False,False,False,False,False,False,False,False,False,False,False,False,True,False,False,False,False,False,False,False,False,False,False,False,False,False,False,False,False,False,False,False,False,False,False,False,False,False,False,False,False,False,False
-0.7844662963790877,-1.322723070274761,1.1172369277985381,1.029678343194574,1,0,0.42553887560973747,1.0739183053867785,0.7619452376444963,-1.435178240633579,4,True,False,False,False,False,False,False,True,False,False,False,False,False,False,False,False,False,False,False,False,False,False,False,False,False,False,False,False,False,False,False,False,False,False,False,False,False,False,False,False,False,False,False,False,False,False,False,False,False,False
-0.9149944781915383,-1.1050245351648886,0.639428604652714,1.0889566673000255,1,0,0.6077589882562744,0.30393092183143855,0.7619452376444963,-1.3514326133570274,4,True,False,False,False,False,False,False,False,False,False,False,False,False,False,False,False,False,False,False,False,False,False,True,False,False,False,False,False,False,False,False,False,False,False,False,False,False,False,False,False,False,False,False,False,False,False,False,False,False,False
-0.8016551535762952,-1.9864471454679091,-0.475457482687542,-0.3930014353362663,1,0,0.17043071790458383,0.1489494356845171,0.9918186347060323,-0.7652132224211663,3,True,False,False,False,False,False,False,False,False,True,False,False,False,False,False,False,False,False,False,False,False,False,False,False,False,False,False,False,False,False,False,False,False,False,False,False,False,False,False,False,False,False,False,False,False,False,False,False,False,False
-0.8948607646764496,-2.0991846696995426,3.8248174256248744,5.475552651103449,1,0,0.8264231234321197,2.0185673638061092,2.1682295490797787,-1.6864151224632338,1,True,False,False,False,False,False,False,False,False,True,False,False,False,False,False,False,False,False,False,False,False,False,False,False,False,False,False,False,False,False,False,False,False,False,False,False,False,False,False,False,False,False,False,False,False,False,False,False,False,False
-0.7675578192720951,-1.9118944206760116,-0.156918600590326,0.19978180571825038,1,0,0.06109865031666202,0.09974896389184362,1.2757798898996953,-1.7701607497397853,3,True,False,False,False,False,False,False,False,False,True,False,False,False,False,False,False,False,False,False,False,False,False,False,False,False,False,False,False,False,False,False,False,False,False,False,False,False,False,False,False,False,False,False,False,False,False,False,False,False,False
-1.0559296074265125,-2.0794234240731075,1.1172369277985381,0.2590601298237021,1,0,0.024654627787353667,0.44907231361982536,0.9918186347060323,-1.4072630315413952,3,True,False,False,False,False,False,False,False,False,False,False,False,False,False,False,False,False,False,False,False,False,False,False,False,False,False,False,False,False,False,False,False,False,False,False,False,True,False,False,False,False,False,False,False,False,False,False,False,False,False
-1.2460281739613774,-2.2090093502197283,1.75431469199297,1.0889566673000255,1,0,0.24331876296319893,0.7811754982203712,0.9512527411069379,-1.8259911679241532,3,True,False,False,False,False,False,False,False,False,False,False,False,False,False,False,False,False,False,False,False,False,False,False,False,False,False,False,False,False,True,False,False,False,False,False,False,False,False,False,False,False,False,False,False,False,False,False,False,False,False
-1.2340613959443834,-1.9456241035947062,1.435775809895754,1.918853204776349,1,0,0.42553887560973747,0.9386170079569264,1.2081700672345375,-2.3284649315834627,3,True,False,False,False,False,False,False,False,False,False,False,False,False,False,False,False,False,False,False,False,False,False,False,True,False,False,False,False,False,False,False,False,False,False,False,False,False,False,False,False,False,False,False,False,False,False,False,False,False,False
-1.0778161291907569,-1.6761534856331388,0.95796748674993,0.8518433708782188,1,0,0.27976278549250727,0.47367254951616206,0.9782966701730005,-1.3793478224492113,3,True,False,False,False,False,False,False,False,False,False,False,False,False,False,False,False,False,False,False,False,False,False,False,False,False,False,False,False,False,False,False,False,True,False,False,False,False,False,False,False,False,False,False,False,False,False,False,False,False,False
-1.6603243720766054,-1.7363940648812843,1.1172369277985381,1.0889566673000255,1,0,0.38909485308042907,0.2891707802936365,0.9918186347060323,-0.7652132224211663,3,True,False,False,False,False,False,False,False,False,False,False,False,False,False,False,False,False,False,False,False,False,False,False,False,False,False,False,True,False,False,False,False,False,False,False,False,False,False,False,False,False,False,False,False,False,False,False,False,False,False
-1.770865088013615,-2.0008058697206708,2.232123015138794,3.341532983307189,1,0,0.7535350783735029,1.1550990838446897,0.7078573795123693,-1.9376520042928886,4,True,False,False,False,False,False,False,False,False,False,False,False,False,False,False,False,False,False,False,False,True,False,False,False,False,False,False,False,False,False,False,False,False,False,False,False,False,False,False,False,False,False,False,False,False,False,False,False,False,False
-1.8476200030799914,-1.9275259918724947,-0.63472692373615,-0.3930014353362663,1,0,0.8628671459614263,-0.446376273006832,0.8025111312435905,0.2955647230818206,4,True,False,False,False,False,False,False,False,False,False,False,False,False,False,False,False,False,False,False,False,True,False,False,False,False,False,False,False,False,False,False,False,False,False,False,False,False,False,False,False,False,False,False,False,False,False,False,False,False,False
-4.075661688011248,-2.8495765005684675,1.435775809895754,1.4446266119327356,1,0,0.35265083055112234,0.6458742007905192,0.4103741597856755,-0.5698067587758793,4,True,False,False,False,False,False,False,False,False,False,False,False,False,False,False,False,False,False,False,False,False,False,False,False,False,False,False,False,False,False,False,False,False,False,True,False,False,False,False,False,False,False,False,False,False,False,False,False,False,False
-0.0005560155436880708,0.7940119596236557,-0.7939963647847581,-0.6893930558635247,1,0,4.3250492862456404,-0.5792175468470504,-0.3130509427315133,0.7422080685567624,6,True,False,False,False,False,False,False,False,False,False,False,False,False,False,False,False,False,False,False,False,False,False,False,False,False,False,False,False,False,False,False,False,False,False,False,False,False,False,False,False,False,False,False,True,False,False,False,False,False,False
-0.170144865016558,0.7512052127312423,0.002350840458282005,0.43689510214005706,1,0,2.7944003400147253,-0.5595373581299811,-0.3130509427315133,0.4909711867271076,6,True,False,False,False,False,False,False,False,False,False,False,False,False,False,False,False,False,False,False,False,False,True,False,False,False,False,False,False,False,False,False,False,False,False,False,False,False,False,False,False,False,False,False,False,False,False,False,False,False,False
0.3364379205697943,-0.1601562433359027,-0.7939963647847581,-0.630114731758073,1,0,-0.8500019129160258,-0.5742974996677831,-0.3130509427315133,0.5468016049114753,6,True,False,False,False,False,False,False,False,False,False,False,False,False,False,False,False,False,True,False,False,False,False,False,False,False,False,False,False,False,False,False,False,False,False,False,False,False,False,False,False,False,False,False,False,False,False,False,False,False,False
-0.4022437633058314,-0.42233379232261387,-0.7939963647847581,-0.6893930558635247,1,0,1.11797530366658,-0.49557674479950553,-0.3130509427315133,0.5747168140036593,6,True,False,False,False,False,False,False,False,False,False,False,False,False,False,False,False,False,False,False,False,False,False,False,False,False,False,False,False,False,False,True,False,False,False,False,False,False,False,False,False,False,False,False,False,False,False,False,False,False,False
3.1978993343973756,1.2825282420244462,-0.156918600590326,-0.0373314907035563,1,0,1.0086432360786566,-0.25203440942577177,1.6679168613576103,-0.7093828042367986,2,False,False,True,False,False,False,False,False,False,False,False,False,False,False,True,False,False,False,False,False,False,False,False,False,False,False,False,False,False,False,False,False,False,False,False,False,False,False,False,False,False,False,False,False,False,False,False,False,False,False
2.6725414672145584,1.1106372795243453,-0.63472692373615,-0.5708364076526213,1,0,0.7170910558441962,-0.4488362965964657,0.05880308192685467,0.7980384867411301,5,False,False,True,False,False,False,False,False,False,False,False,False,False,False,True,False,False,False,False,False,False,False,False,False,False,False,False,False,False,False,False,False,False,False,False,False,False,False,False,False,False,False,False,False,False,False,False,False,False,False
3.1816000782271403,2.2148123670833253,-0.7939963647847581,-0.630114731758073,0,0,-1.2508861607384079,-0.31353499916661365,-0.41446567672925,0.46305597763492373,5,False,False,True,False,False,False,False,False,False,False,False,False,False,False,True,False,False,False,False,False,False,False,False,False,False,False,False,False,False,False,False,False,False,False,False,False,False,False,False,False,False,False,False,False,False,False,False,False,False,False
3.7640412548877085,1.6257387406402075,-0.7939963647847581,-0.5115580835471697,0,0,0.8628671459614263,-0.43653617864829736,0.8701209539087483,0.9655297412942333,3,False,False,True,False,False,False,False,False,False,False,False,False,False,False,True,False,False,False,False,False,False,False,False,False,False,False,False,False,False,False,False,False,False,False,False,False,False,False,False,False,False,False,False,False,False,False,False,False,False,False
3.1496834779579284,1.2854779224926984,-0.156918600590326,-0.452279759441718,1,0,0.4619828981390442,-0.32091506993551466,1.005340599239064,0.9655297412942333,3,False,False,True,False,False,False,False,False,False,False,False,False,False,False,True,False,False,False,False,False,False,False,False,False,False,False,False,False,False,False,False,False,False,False,False,False,False,False,False,False,False,False,False,False,False,False,False,False,False,False
3.0818730339175957,1.3947034729518324,-0.63472692373615,-0.5115580835471697,1,0,0.27976278549250727,-0.49557674479950553,0.4644620179178015,0.7422080685567624,4,False,False,True,False,False,False,False,False,False,False,False,False,False,False,True,False,False,False,False,False,False,False,False,False,False,False,False,False,False,False,False,False,False,False,False,False,False,False,False,False,False,False,False,False,False,False,False,False,False,False
2.2018867075399546,1.1113758412764283,-0.63472692373615,-0.5115580835471697,1,0,-0.04823341727126142,-0.24219431506723707,0.07232504645988642,0.6026320230958431,5,False,False,True,False,False,True,False,False,False,False,False,False,False,False,False,False,False,False,False,False,False,False,False,False,False,False,False,False,False,False,False,False,False,False,False,False,False,False,False,False,False,False,False,False,False,False,False,False,False,False
2.227990613161147,1.1185343495363556,-0.63472692373615,-0.452279759441718,1,0,1.628191619076884,-0.3061549283977126,0.7349013085784327,0.7701232776489463,4,False,False,True,False,False,True,False,False,False,False,False,False,False,False,False,False,False,False,False,False,False,False,False,False,False,False,False,False,False,False,False,False,False,False,False,False,False,False,False,False,False,False,False,False,False,False,False,False,False,False
1.7886367425391325,1.2216699621188396,0.320889722555498,-0.21516646301991132,1,0,0.49842692066835254,-0.14133334789225643,0.8430770248426849,0.7701232776489463,3,False,False,True,False,False,False,False,False,False,False,False,False,False,False,False,False,False,False,True,False,False,False,False,False,False,False,False,False,False,False,False,False,False,False,False,False,False,False,False,False,False,False,False,False,False,False,False,False,False,False
1.1611504274963351,1.1330602091567599,0.002350840458282005,-0.21516646301991132,1,0,-0.04823341727126142,-0.06261259302397887,0.1940227272571703,0.7142928594645785,4,False,False,True,False,False,False,False,False,False,False,False,False,False,False,False,False,False,False,False,False,False,False,False,False,False,False,True,False,False,False,False,False,False,False,False,False,False,False,False,False,False,False,False,False,False,False,False,False,False,False
1.7911506442739085,0.8915870485450255,-0.31618804163893405,0.02194683340189537,1,0,0.42553887560973747,-0.28401471609100953,-0.2927679959319661,0.7701232776489463,5,False,False,True,False,True,False,False,False,False,False,False,False,False,False,False,False,False,False,False,False,False,False,False,False,False,False,False,False,False,False,False,False,False,False,False,False,False,False,False,False,False,False,False,False,False,False,False,False,False,False
1.7141915017344131,0.9323266749524058,-0.63472692373615,-0.5115580835471697,1,0,1.3366394388424236,-0.3356752114733167,3.601557789581124,0.9376145322020495,0,False,False,True,False,True,False,False,False,False,False,False,False,False,False,False,False,False,False,False,False,False,False,False,False,False,False,False,False,False,False,False,False,False,False,False,False,False,False,False,False,False,False,False,False,False,False,False,False,False,False
1.7395607076747717,0.9048540652780039,-0.63472692373615,-0.630114731758073,1,0,-0.23045352991779833,-0.5152569335165749,0.4644620179178015,1.1609362049395204,4,False,False,True,False,True,False,False,False,False,False,False,False,False,False,False,False,False,False,False,False,False,False,False,False,False,False,False,False,False,False,False,False,False,False,False,False,False,False,False,False,False,False,False,False,False,False,False,False,False,False
1.1385737726396714,0.9826587754927368,-0.63472692373615,-0.5115580835471697,1,0,0.7899791009028129,-0.47343653249280243,-0.3130509427315133,0.7980384867411301,6,False,False,True,False,False,False,False,False,False,False,False,False,False,False,False,False,False,False,False,False,False,False,False,False,False,False,False,False,False,False,False,False,False,False,False,False,False,False,False,False,False,False,False,False,False,False,False,True,False,False
0.9631687670361834,0.915092248181007,-0.63472692373615,-0.630114731758073,1,0,0.316206808021814,-0.5570773345403474,0.3968521952526437,1.1888514140317041,4,False,False,True,False,False,False,False,False,False,False,False,False,False,False,False,False,False,False,False,False,False,False,False,False,False,False,False,False,False,False,False,False,False,False,False,False,False,False,False,False,False,False,False,False,False,False,False,True,False,False
0.8760220485336359,1.0207641171347346,-0.156918600590326,-0.15588813891445966,1,0,0.5348709431976593,-0.41439596634159426,1.451565428829105,-0.6535523860524308,3,False,False,True,False,False,False,False,False,False,False,True,False,False,False,False,False,False,False,False,False,False,False,False,False,False,False,False,False,False,False,False,False,False,False,False,False,False,False,False,False,False,False,False,False,False,False,False,False,False,False
0.80406258491761,0.8582847937796347,-0.63472692373615,-0.5708364076526213,1,0,0.8993111684907331,-0.41439596634159426,0.1264129045920125,0.6026320230958431,5,False,False,True,False,False,False,False,False,False,False,True,False,False,False,False,False,False,False,False,False,False,False,False,False,False,False,False,False,False,False,False,False,False,False,False,False,False,False,False,False,False,False,False,False,False,False,False,False,False,False
0.15648193072424357,0.9413431561608021,-0.475457482687542,-0.21516646301991132,1,0,1.0086432360786566,-0.40701589557269324,1.0864723864372536,0.6584624412802108,3,False,False,True,False,False,False,False,False,False,False,False,False,False,False,False,False,True,False,False,False,False,False,False,False,False,False,False,False,False,False,False,False,False,False,False,False,False,False,False,False,False,False,False,False,False,False,False,False,False,False
0.29428268746925046,0.5658335194215024,-0.31618804163893405,-0.15588813891445966,1,0,-0.5220057101522587,0.32607113413814165,1.4786093578951687,-0.5139763405915115,3,False,False,True,False,False,False,False,False,False,False,False,False,True,False,False,False,False,False,False,False,False,False,False,False,False,False,False,False,False,False,False,False,False,False,False,False,False,False,False,False,False,False,False,False,False,False,False,False,False,False
0.3022813083761501,0.5972823677785208,-0.63472692373615,0.08122515750734705,1,0,-0.4491176650936436,-0.4709765089031688,0.09936897552594898,-0.5139763405915115,5,False,False,True,False,False,False,False,False,False,False,False,False,True,False,False,False,False,False,False,False,False,False,False,False,False,False,False,False,False,False,False,False,False,False,False,False,False,False,False,False,False,False,False,False,False,False,False,False,False,False
0.27359600210957286,0.6069865699258912,-0.31618804163893405,-0.09660981480900797,1,0,1.3001954163131169,-0.2889347632702769,1.1676041736354432,0.2676495139896367,3,False,False,True,False,False,False,False,False,False,False,False,False,True,False,False,False,False,False,False,False,False,False,False,False,False,False,False,False,False,False,False,False,False,False,False,False,False,False,False,False,False,False,False,False,False,False,False,False,False,False
0.3194455025098675,0.6017003431067515,-0.31618804163893405,-0.5115580835471697,1,0,1.5188595514889638,-0.47343653249280243,1.1405602445693797,0.9376145322020495,3,False,False,True,False,False,False,False,False,False,False,False,False,True,False,False,False,False,False,False,False,False,False,False,False,False,False,False,False,False,False,False,False,False,False,False,False,False,False,False,False,False,False,False,False,False,False,False,False,False,False
0.11452616555824979,0.8029821665590396,-0.63472692373615,-0.3930014353362663,1,0,1.1544193261958866,-0.1536334658404248,0.9782966701730005,0.7980384867411301,3,False,False,True,False,False,False,False,False,False,False,False,False,False,False,False,False,False,False,False,False,False,False,False,False,False,False,False,False,False,False,False,False,False,False,False,False,False,True,False,False,False,False,False,False,False,False,False,False,False,False
-0.00576338342286893,0.8930315973964861,-0.7939963647847581,-0.5115580835471697,0,0,-0.5584497326815654,-0.3848756832659902,-0.3130509427315133,1.049275368570785,6,False,False,True,False,False,False,True,False,False,False,False,False,False,False,False,False,False,False,False,False,False,False,False,False,False,False,False,False,False,False,False,False,False,False,False,False,False,False,False,False,False,False,False,False,False,False,False,False,False,False
-0.020953667106662962,0.6875178090160166,1.913584133041578,1.8002965565654456,1,0,0.8993111684907331,1.0074976684666692,1.8437024002870213,0.9376145322020495,2,False,False,True,False,False,False,False,False,False,False,False,False,False,False,False,False,False,False,False,False,False,False,False,False,False,False,False,False,False,False,False,False,False,False,False,False,False,False,False,False,False,False,False,True,False,False,False,False,False,False
-0.02569546557678794,0.8004133355350906,-0.7939963647847581,-0.6893930558635247,1,0,-0.5948937552108737,-0.5595373581299811,-0.3130509427315133,0.9655297412942333,6,False,False,True,False,False,False,False,False,False,False,False,False,False,False,False,False,False,False,False,False,False,False,False,False,False,False,False,False,False,False,False,False,False,False,False,False,False,False,False,False,False,False,False,True,False,False,False,False,False,False
-0.14335948000943066,0.7608305659529039,0.7986980457013221,0.14050348161279871,1,0,0.20687474043389217,0.3974118182375182,2.1817515136128103,-1.1839413588039243,1,False,False,True,False,False,False,False,False,False,False,False,False,False,False,False,False,False,False,False,False,False,True,False,False,False,False,False,False,False,False,False,False,False,False,False,False,False,False,False,False,False,False,False,False,False,False,False,False,False,False
-0.16945819340673124,0.7799878105421848,-0.475457482687542,-0.3930014353362663,1,0,1.1908633487251934,-0.2495743858361381,1.0188625637720958,0.8817841140176818,3,False,False,True,False,False,False,False,False,False,False,False,False,False,False,False,False,False,False,False,False,False,True,False,False,False,False,False,False,False,False,False,False,False,False,False,False,False,False,False,False,False,False,False,False,False,False,False,False,False,False
0.62272979036981,0.3504623975823244,-0.63472692373615,-0.630114731758073,1,0,0.8628671459614263,-0.5004967919787728,1.005340599239064,0.8538689049254978,3,False,False,True,False,False,False,False,False,False,False,False,False,False,False,False,False,False,False,False,False,False,False,False,False,False,False,False,False,False,False,False,True,False,False,False,False,False,False,False,False,False,False,False,False,False,False,False,False,False,False
0.9770614274320937,0.6115019647762486,-0.31618804163893405,-0.452279759441718,1,0,0.8264231234321197,-0.2667945509635738,0.9242088120408745,1.0771905776629687,3,False,False,True,False,False,False,False,False,False,False,False,False,False,False,False,False,False,False,False,False,False,False,False,False,False,False,False,False,False,False,False,True,False,False,False,False,False,False,False,False,False,False,False,False,False,False,False,False,False,False
0.7796621614185896,0.521159666500427,-0.63472692373615,-0.452279759441718,1,0,1.0450872586079631,-0.4291561078793963,0.9647747056399697,0.6584624412802108,3,False,False,True,False,False,False,False,False,False,False,False,False,False,False,False,False,False,False,False,False,False,False,False,False,False,False,False,False,False,False,False,True,False,False,False,False,False,False,False,False,False,False,False,False,False,False,False,False,False,False
0.8557381932109804,0.5523390889915736,-0.7939963647847581,-0.6893930558635247,0,0,0.024654627787353667,-0.34428529403703456,-0.07641656340346095,1.412173086769175,5,False,False,True,False,False,False,False,False,False,False,False,False,False,False,False,False,False,False,False,False,False,False,False,False,False,False,False,False,False,False,False,True,False,False,False,False,False,False,False,False,False,False,False,False,False,False,False,False,False,False
0.4507529505915638,-0.006470249596330677,-0.475457482687542,0.14050348161279871,1,0,-0.3397855975057201,-0.4020958483934259,0.11289094005898073,0.5188863958192915,5,False,False,True,False,False,False,False,False,False,False,False,False,False,False,False,False,False,False,False,False,False,False,False,False,False,False,False,False,False,False,False,False,False,False,False,False,False,False,False,False,False,False,False,False,False,True,False,False,False,False
0.2981846437247096,-0.21366117593733677,-0.31618804163893405,-0.33372311123081466,1,0,-0.9593339805039491,-0.5546173109507136,0.8701209539087483,1.3284274594926235,3,False,False,True,False,False,False,False,False,False,False,False,False,False,False,False,False,False,True,False,False,False,False,False,False,False,False,False,False,False,False,False,False,False,False,False,False,False,False,False,False,False,False,False,False,False,False,False,False,False,False
0.3640454076932857,-0.15876740627364477,-0.63472692373615,-0.21516646301991132,1,0,-0.1211214623298765,-0.48081660326170345,0.8025111312435905,0.9376145322020495,4,False,False,True,False,False,False,False,False,False,False,False,False,False,False,False,False,False,True,False,False,False,False,False,False,False,False,False,False,False,False,False,False,False,False,False,False,False,False,False,False,False,False,False,False,False,False,False,False,False,False
0.3851890087555284,-0.13430505983281738,-0.63472692373615,-0.21516646301991132,1,0,0.6806470333148894,-0.4783565796720698,1.113516315503316,-0.6814675951446146,3,False,False,True,False,False,False,False,False,False,False,False,False,False,False,False,False,False,True,False,False,False,False,False,False,False,False,False,False,False,False,False,False,False,False,False,False,False,False,False,False,False,False,False,False,False,False,False,False,False,False
0.482554023879163,-0.11716379047944596,-0.63472692373615,-0.630114731758073,1,0,0.024654627787353667,-0.5152569335165749,0.9377307765739062,0.7980384867411301,3,False,False,True,False,False,False,False,False,False,False,False,False,False,False,False,False,False,True,False,False,False,False,False,False,False,False,False,False,False,False,False,False,False,False,False,False,False,False,False,False,False,False,False,False,False,False,False,False,False,False
0.1921226535805885,-0.25612421457825735,0.16162028150689,0.14050348161279871,1,0,-0.5584497326815654,-0.2864747396806432,0.6132036277811489,0.5747168140036593,4,False,False,True,False,False,False,False,False,True,False,False,False,False,False,False,False,False,False,False,False,False,False,False,False,False,False,False,False,False,False,False,False,False,False,False,False,False,False,False,False,False,False,False,False,False,False,False,False,False,False
-0.010279320153657375,-0.32740181681082253,-0.475457482687542,-0.5708364076526213,1,0,0.27976278549250727,-0.544777216592179,1.005340599239064,1.216766623123888,3,False,False,True,False,False,False,False,False,True,False,False,False,False,False,False,False,False,False,False,False,False,False,False,False,False,False,False,False,False,False,False,False,False,False,False,False,False,False,False,False,False,False,False,False,False,False,False,False,False,False
-0.054430097970345453,0.5415571833807243,-0.31618804163893405,-0.0373314907035563,1,0,0.06109865031666202,0.11696912901927933,1.627350967758516,-0.4302307133149599,2,False,False,True,False,False,False,False,False,False,False,False,False,False,False,False,False,False,False,False,False,False,False,False,False,False,False,False,False,False,False,False,False,False,False,False,False,False,False,False,False,False,False,False,False,False,False,False,False,False,True
-0.00079702126938042,0.43767387596594703,-0.31618804163893405,-0.3930014353362663,1,0,-0.04823341727126142,-0.3553554001903861,1.05942845737119,0.9376145322020495,3,False,False,True,False,False,False,False,False,False,False,False,False,False,False,False,False,False,False,False,False,False,False,False,False,False,False,False,False,False,False,False,False,False,False,False,False,False,False,False,False,False,False,False,False,False,False,False,False,False,True
0.14871133498330322,0.32457863942652526,-0.63472692373615,-0.5708364076526213,1,0,0.1339866953752771,-0.5177169571062086,0.5050279115168959,0.8538689049254978,4,False,False,True,False,False,False,False,False,False,False,False,False,False,False,False,False,False,False,False,False,False,False,False,False,False,False,False,False,True,False,False,False,False,False,False,False,False,False,False,False,False,False,False,False,False,False,False,False,False,False
0.43256502298031263,0.32929374429723046,-0.31618804163893405,-0.452279759441718,1,0,0.024654627787353667,-0.5398571694129116,0.8565989893757167,1.3284274594926235,3,False,False,True,False,False,False,False,False,False,False,False,False,False,False,False,False,False,False,False,False,False,False,False,False,False,False,False,False,True,False,False,False,False,False,False,False,False,False,False,False,False,False,False,False,False,False,False,False,False,False
0.03479913499855291,0.24795879414960326,-0.63472692373615,-0.630114731758073,1,0,0.20687474043389217,-0.5201769806958423,0.8025111312435905,0.6584624412802108,4,False,False,True,False,False,False,False,False,False,False,False,False,False,False,False,False,False,False,False,False,False,False,False,False,False,False,False,False,True,False,False,False,False,False,False,False,False,False,False,False,False,False,False,False,False,False,False,False,False,False
0.3058414432253335,0.33628024621341285,-0.31618804163893405,-0.452279759441718,1,0,-0.8864459354453341,-0.2889347632702769,0.9647747056399697,-0.12316341330093739,3,False,False,True,False,False,False,False,False,False,False,False,False,False,False,False,False,False,False,False,False,False,False,False,False,False,False,False,False,True,False,False,False,False,False,False,False,False,False,False,False,False,False,False,False,False,False,False,False,False,False
-0.08565569977648832,-0.11723350632496154,-0.63472692373615,-0.5115580835471697,1,0,0.06109865031666202,-0.45621636736536675,2.019487939216431,-1.1001957315273727,2,False,False,True,False,False,False,False,False,False,False,False,True,False,False,False,False,False,False,False,False,False,False,False,False,False,False,False,False,False,False,False,False,False,False,False,False,False,False,False,False,False,False,False,False,False,False,False,False,False,False
-0.15545952510634253,-0.13176880346156486,-0.63472692373615,-0.630114731758073,1,0,-0.08467743980056815,-0.46851648531353507,1.2081700672345375,0.7980384867411301,3,False,False,True,False,False,False,False,False,False,False,False,True,False,False,False,False,False,False,False,False,False,False,False,False,False,False,False,False,False,False,False,False,False,False,False,False,False,False,False,False,False,False,False,False,False,False,False,False,False,False
-0.12861659295107047,-0.14602980375620245,-0.7939963647847581,-0.6893930558635247,1,0,0.6806470333148894,-0.5792175468470504,-0.3130509427315133,0.825953695833314,6,False,False,True,False,False,False,False,False,False,False,False,True,False,False,False,False,False,False,False,False,False,False,False,False,False,False,False,False,False,False,False,False,False,False,False,False,False,False,False,False,False,False,False,False,False,False,False,False,False,False
-0.40471958873206093,0.22081132213028448,-0.7939963647847581,-0.6893930558635247,0,0,-2.9637552196158614,-0.5792175468470504,0.9377307765739062,1.3842578776769914,3,False,False,True,False,False,False,False,False,False,False,False,False,False,False,False,False,False,False,False,False,False,False,False,False,False,False,False,False,False,False,False,False,False,False,False,False,False,False,False,False,True,False,False,False,False,False,False,False,False,False
-0.2897442809052542,0.40351676489394844,0.48015916360410604,0.3183384539291537,1,0,0.5348709431976593,0.1858497895290222,1.0323845283051276,0.4351407685427399,3,False,False,True,False,False,False,False,False,False,False,False,False,False,False,False,False,False,False,False,False,False,False,False,False,False,False,False,False,False,False,False,False,False,False,False,False,False,False,False,False,True,False,False,False,False,False,False,False,False,False
-0.4119372126284155,0.18855419617565894,-0.31618804163893405,-0.3930014353362663,1,0,1.2273073712545033,-0.22497414993980136,1.2216920317675692,0.7980384867411301,3,False,False,True,False,False,False,False,False,False,False,False,False,False,False,False,False,False,False,False,False,False,False,False,False,False,False,False,False,False,False,False,False,False,False,False,False,False,False,False,False,True,False,False,False,False,False,False,False,False,False
-0.2864649588316091,0.3858597809453393,-0.7939963647847581,-0.6893930558635247,1,0,0.024654627787353667,-0.34428529403703456,-0.3130509427315133,1.412173086769175,6,False,False,True,False,False,False,False,False,False,False,False,False,False,False,False,False,False,False,False,False,False,False,False,False,False,False,False,False,False,False,False,False,False,False,False,False,False,False,False,False,True,False,False,False,False,False,False,False,False,False
-0.2275596114528007,-0.055845507767821496,1.2765063688471459,0.9111216949836705,1,0,0.316206808021814,0.5769935402807764,1.8437024002870213,-0.6256371769602469,2,False,False,True,True,False,False,False,False,False,False,False,False,False,False,False,False,False,False,False,False,False,False,False,False,False,False,False,False,False,False,False,False,False,False,False,False,False,False,False,False,False,False,False,False,False,False,False,False,False,False
-0.216388541747381,-0.018255576285038152,-0.31618804163893405,-0.452279759441718,1,0,0.42553887560973747,-0.3824156596763565,0.6943354149793385,-0.12316341330093739,4,False,False,True,True,False,False,False,False,False,False,False,False,False,False,False,False,False,False,False,False,False,False,False,False,False,False,False,False,False,False,False,False,False,False,False,False,False,False,False,False,False,False,False,False,False,False,False,False,False,False
-0.20913933182234493,-0.009587369868231232,0.48015916360410604,0.3183384539291537,1,0,0.6442030107855827,0.5745335166911427,1.2757798898996953,1.049275368570785,3,False,False,True,True,False,False,False,False,False,False,False,False,False,False,False,False,False,False,False,False,False,False,False,False,False,False,False,False,False,False,False,False,False,False,False,False,False,False,False,False,False,False,False,False,False,False,False,False,False,False
-0.39178056679113293,-0.19181423922946786,-0.63472692373615,-0.630114731758073,1,0,0.38909485308042907,-0.49065669762023817,0.9377307765739062,0.7142928594645785,3,False,False,True,False,False,False,False,False,False,False,False,False,False,False,False,False,False,False,False,False,False,False,False,False,False,True,False,False,False,False,False,False,False,False,False,False,False,False,False,False,False,False,False,False,False,False,False,False,False,False
-0.17555040277431594,-0.27391088826568405,0.320889722555498,0.5554517503509604,1,0,0.5348709431976593,-0.07983275815141459,0.9377307765739062,0.6584624412802108,3,False,False,True,False,False,False,False,False,False,False,False,False,False,False,False,False,False,False,False,False,False,False,False,False,False,False,False,False,False,False,False,False,False,False,False,False,False,False,True,False,False,False,False,False,False,False,False,False,False,False
-0.2990158620365474,-0.4426478937370971,-0.31618804163893405,0.3183384539291537,1,0,0.8264231234321197,-0.3897957304452575,1.397477570696979,-1.7143303315554177,3,False,False,True,False,False,False,False,False,False,False,False,False,False,False,False,False,False,False,False,False,False,False,False,False,True,False,False,False,False,False,False,False,False,False,False,False,False,False,False,False,False,False,False,False,False,False,False,False,False,False
-0.26607725903109497,-0.4136935940184155,0.002350840458282005,0.3776167780346054,1,0,0.7899791009028129,0.035788350561368094,1.8301804357539895,-2.1051432588459917,2,False,False,True,False,False,False,False,False,False,False,False,False,False,False,False,False,False,False,False,False,False,False,False,False,True,False,False,False,False,False,False,False,False,False,False,False,False,False,False,False,False,False,False,False,False,False,False,False,False,False
-0.2750827386878792,-0.41461786173455045,-0.475457482687542,-0.452279759441718,1,0,0.6806470333148894,-0.3651954945489208,2.2899272298770623,-2.7471930679662204,1,False,False,True,False,False,False,False,False,False,False,False,False,False,False,False,False,False,False,False,False,False,False,False,False,True,False,False,False,False,False,False,False,False,False,False,False,False,False,False,False,False,False,False,False,False,False,False,False,False,False
-0.16477697088202337,-0.6061863499592666,-0.63472692373615,-0.5708364076526213,0,0,-1.2873301832677162,-0.537397145823278,0.7754672021775271,0.7980384867411301,4,False,False,True,False,False,False,False,False,False,False,False,False,False,False,False,False,False,False,False,False,False,False,False,False,True,False,False,False,False,False,False,False,False,False,False,False,False,False,False,False,False,False,False,False,False,False,False,False,False,False
-0.44077266070256244,-0.4896771680414754,3.34700910247905,3.7564812520453508,1,0,0.7899791009028129,-0.4020958483934259,-0.3130509427315133,1.440088295861359,6,False,False,True,False,False,False,False,False,False,False,False,False,False,False,False,False,False,False,False,False,False,False,False,False,False,False,False,False,False,False,False,False,False,False,False,True,False,False,False,False,False,False,False,False,False,False,False,False,False,False
-0.4644466055419101,-0.49120543679476447,2.072853574090186,2.2152448253036074,1,0,0.49842692066835254,0.9459970787258274,-0.3130509427315133,-1.1839413588039243,6,False,False,True,False,False,False,False,False,False,False,False,False,False,False,False,False,False,False,False,False,False,False,False,False,False,False,False,False,False,False,False,False,False,False,False,True,False,False,False,False,False,False,False,False,False,False,False,False,False,False
-0.4834579333254983,-0.49107544261993236,0.7986980457013221,1.1482349914054772,1,0,0.27976278549250727,0.7368950736069652,-0.3130509427315133,-0.5977219678680631,6,False,False,True,False,False,False,False,False,False,False,False,False,False,False,False,False,False,False,False,False,False,False,False,False,False,False,False,False,False,False,False,False,False,False,False,True,False,False,False,False,False,False,False,False,False,False,False,False,False,False
-0.42648063175222867,-0.6267558731833087,-0.475457482687542,0.02194683340189537,1,0,0.7899791009028129,-0.00849207405203804,2.1547075845467467,-0.6814675951446146,2,False,False,True,False,False,False,False,False,False,False,False,False,False,False,False,True,False,False,False,False,False,False,False,False,False,False,False,False,False,False,False,False,False,False,False,False,False,False,False,False,False,False,False,False,False,False,False,False,False,False
-0.42320736727312525,-0.6286047130515757,-0.63472692373615,-0.630114731758073,1,0,1.2273073712545033,-0.4783565796720698,0.9377307765739062,0.6863776503723946,3,False,False,True,False,False,False,False,False,False,False,False,False,False,False,False,True,False,False,False,False,False,False,False,False,False,False,False,False,False,False,False,False,False,False,False,False,False,False,False,False,False,False,False,False,False,False,False,False,False,False
-0.4270894200036629,-0.6294364322216949,2.709931338284618,1.207513315510929,1,0,-0.3397855975057201,0.5130329269503009,1.0864723864372536,0.9096993231098656,3,False,False,True,False,False,False,False,False,False,False,False,False,False,False,False,True,False,False,False,False,False,False,False,False,False,False,False,False,False,False,False,False,False,False,False,False,False,False,False,False,False,False,False,False,False,False,False,False,False,False
-0.0545573074557183,-0.7009417525872162,-0.7939963647847581,-0.6893930558635247,0,0,-2.9637552196158614,-0.5767575232574168,0.6672914859132749,1.412173086769175,4,False,False,True,False,False,False,False,False,False,False,False,False,False,False,False,True,False,False,False,False,False,False,False,False,False,False,False,False,False,False,False,False,False,False,False,False,False,False,False,False,False,False,False,False,False,False,False,False,False,False
-0.50253026973983,-0.4037105284889656,-0.475457482687542,-0.5115580835471697,1,0,-0.6677818002694889,-0.3356752114733167,2.2223174072119045,-0.6256371769602469,1,False,False,True,False,False,False,False,False,False,False,False,False,False,False,False,False,False,False,False,False,False,False,False,False,False,False,False,False,False,False,True,False,False,False,False,False,False,False,False,False,False,False,False,False,False,False,False,False,False,False
-0.42300443785597946,-0.39503775553205345,-0.7939963647847581,-0.6893930558635247,0,0,-0.9957780030332559,-0.3725755653178218,1.0729504219042219,0.5188863958192915,3,False,False,True,False,False,False,False,False,False,False,False,False,False,False,False,False,False,False,False,False,False,False,False,False,False,False,False,False,False,False,True,False,False,False,False,False,False,False,False,False,False,False,False,False,False,False,False,False,False,False
-0.6393553210783074,-0.5896676522394588,0.002350840458282005,-0.21516646301991132,1,0,0.6077589882562744,-0.41685598993122797,1.911312222952179,-0.6256371769602469,2,False,False,True,False,False,False,False,False,False,False,False,False,False,False,False,False,False,False,False,False,False,False,False,False,False,False,False,False,False,False,False,False,False,False,False,False,False,False,False,False,False,False,False,False,False,False,True,False,False,False
-0.0928092862448331,-0.8716992998346268,-0.475457482687542,-0.5115580835471697,1,0,0.17043071790458383,-0.4020958483934259,0.3021984435214224,0.825953695833314,4,False,False,True,False,False,False,False,False,False,False,False,False,False,False,False,False,False,False,False,False,False,False,False,False,False,False,False,False,False,False,False,False,False,False,False,False,False,False,False,False,False,False,False,False,True,False,False,False,False,False
-0.33743269393425523,-1.5347265210085905,0.320889722555498,-0.0373314907035563,1,0,-0.04823341727126142,-0.3430552822422177,1.2487359608336317,0.7980384867411301,3,False,False,True,False,False,False,False,False,False,False,False,False,False,False,False,False,False,False,False,False,False,False,False,False,False,False,False,False,False,False,False,False,False,False,False,False,False,False,False,True,False,False,False,False,False,False,False,False,False,False
-0.42111100687639463,-1.0163127961405767,0.002350840458282005,0.43689510214005706,1,0,0.5348709431976593,-0.17823370173676156,0.8565989893757167,0.6026320230958431,3,False,False,True,False,False,False,False,False,False,False,False,False,False,False,False,False,False,False,False,False,False,False,False,False,False,False,False,False,False,False,False,False,False,True,False,False,False,False,False,False,False,False,False,False,False,False,False,False,False,False
-0.2883908412105221,-1.1199221111493856,-0.475457482687542,-0.452279759441718,1,0,1.7010796641355006,-0.5078768627476739,0.9377307765739062,1.0771905776629687,3,False,False,True,False,False,False,False,False,False,False,False,False,False,False,False,False,False,False,False,False,False,False,False,False,False,False,False,False,False,False,False,False,False,True,False,False,False,False,False,False,False,False,False,False,False,False,False,False,False,False
-0.561626864032024,-1.4153136284595622,0.48015916360410604,0.49617342624550875,1,0,0.6806470333148894,0.06038858645770483,0.7619452376444963,0.9376145322020495,4,False,False,True,False,False,False,False,False,False,False,False,False,False,True,False,False,False,False,False,False,False,False,False,False,False,False,False,False,False,False,False,False,False,False,False,False,False,False,False,False,False,False,False,False,False,False,False,False,False,False
-0.5361853996424915,-1.2043787481090098,-0.156918600590326,-0.3930014353362663,1,0,-0.1940095073884916,-0.3553554001903861,0.9512527411069379,0.825953695833314,3,False,False,True,False,False,False,False,False,False,False,False,False,False,True,False,False,False,False,False,False,False,False,False,False,False,False,False,False,False,False,False,False,False,False,False,False,False,False,False,False,False,False,False,False,False,False,False,False,False,False
-0.5310156753865338,-1.431897475484789,0.16162028150689,0.19978180571825038,1,0,0.20687474043389217,-0.22497414993980136,1.113516315503316,0.630547232188027,3,False,False,True,False,False,False,False,False,False,False,False,False,False,True,False,False,False,False,False,False,False,False,False,False,False,False,False,False,False,False,False,False,False,False,False,False,False,False,False,False,False,False,False,False,False,False,False,False,False,False
-0.5121099228220977,-1.1378253838273518,-0.31618804163893405,-0.5115580835471697,1,0,-0.5584497326815654,-0.3897957304452575,0.9647747056399697,1.1051057867551526,3,False,False,True,False,False,False,False,False,False,False,False,False,False,True,False,False,False,False,False,False,False,False,False,False,False,False,False,False,False,False,False,False,False,False,False,False,False,False,False,False,False,False,False,False,False,False,False,False,False,False
-0.5490828837922771,-1.415601929357841,-0.7939963647847581,-0.6893930558635247,0,0,0.6806470333148894,-0.5792175468470504,0.6672914859132749,1.412173086769175,4,False,False,True,False,False,False,False,False,False,False,False,False,False,True,False,False,False,False,False,False,False,False,False,False,False,False,False,False,False,False,False,False,False,False,False,False,False,False,False,False,False,False,False,False,False,False,False,False,False,False
-0.7259932016393573,-1.8830189698830473,-0.475457482687542,-0.452279759441718,1,0,-0.7042258227987955,-0.12165315917518704,0.5455938051159911,-0.402315504222776,4,False,False,True,False,False,False,False,False,False,False,False,False,False,False,False,False,False,False,False,False,False,False,False,False,False,False,False,False,False,False,False,False,False,False,False,False,False,False,False,False,False,False,False,False,False,False,False,False,True,False
-0.6366086346390002,-1.7109282973625988,0.002350840458282005,-0.27444478712536297,1,0,0.6442030107855827,-0.1536334658404248,0.9918186347060323,-0.821043640605534,3,False,False,True,False,False,False,False,False,False,False,False,False,False,False,False,False,False,False,False,False,False,False,False,False,False,False,False,False,False,False,False,False,False,False,False,False,False,False,False,False,False,False,False,False,False,False,False,False,True,False
-0.7391416432772961,-1.805558272355813,-0.475457482687542,-0.452279759441718,1,0,-0.37622962003502847,-0.44391624941719837,0.6943354149793385,0.6584624412802108,4,False,False,True,False,False,False,False,False,False,False,False,False,False,False,False,False,False,False,False,False,False,False,False,False,False,False,False,False,False,False,False,False,False,False,False,False,False,False,False,False,False,False,False,False,False,False,False,False,True,False
-0.5812456820110735,-0.9012110218814531,-0.475457482687542,-0.452279759441718,1,0,1.2273073712545033,-0.5226370042854759,0.9782966701730005,0.9096993231098656,3,False,False,True,False,False,False,False,False,False,False,False,False,False,False,False,False,False,False,False,True,False,False,False,False,False,False,False,False,False,False,False,False,False,False,False,False,False,False,False,False,False,False,False,False,False,False,False,False,False,False
-0.8154491617182419,-1.3152860030687685,-0.475457482687542,-0.452279759441718,1,0,1.3366394388424236,-0.47343653249280243,0.9377307765739062,0.9096993231098656,3,False,False,True,False,False,False,False,True,False,False,False,False,False,False,False,False,False,False,False,False,False,False,False,False,False,False,False,False,False,False,False,False,False,False,False,False,False,False,False,False,False,False,False,False,False,False,False,False,False,False
-0.9234798700883913,-1.0770133781947486,0.002350840458282005,-0.33372311123081466,1,0,0.7170910558441962,-0.24465433865687075,1.1270382800363479,-0.7372980133289824,3,False,False,True,False,False,False,False,False,False,False,False,False,False,False,False,False,False,False,False,False,False,False,True,False,False,False,False,False,False,False,False,False,False,False,False,False,False,False,False,False,False,False,False,False,False,False,False,False,False,False
-0.8845533348785362,-1.034699208761067,-0.156918600590326,-0.452279759441718,1,0,0.7535350783735029,-0.29139478685991055,0.383330230719612,0.7142928594645785,4,False,False,True,False,False,False,False,False,False,False,False,False,False,False,False,False,False,False,False,False,False,False,True,False,False,False,False,False,False,False,False,False,False,False,False,False,False,False,False,False,False,False,False,False,False,False,False,False,False,False
-0.7882081590645194,-1.8997933938484284,0.639428604652714,0.7332867226673154,1,0,0.06109865031666202,0.7418151207862325,0.7889891667105589,-0.6814675951446146,4,False,False,True,False,False,False,False,False,False,True,False,False,False,False,False,False,False,False,False,False,False,False,False,False,False,False,False,False,False,False,False,False,False,False,False,False,False,False,False,False,False,False,False,False,False,False,False,False,False,False
-0.7760501341341395,-1.907249031650822,-0.63472692373615,-0.5115580835471697,1,0,0.024654627787353667,-0.48081660326170345,0.6672914859132749,-1.3793478224492113,4,False,False,True,False,False,False,False,False,False,True,False,False,False,False,False,False,False,False,False,False,False,False,False,False,False,False,False,False,False,False,False,False,False,False,False,False,False,False,False,False,False,False,False,False,False,False,False,False,False,False
-0.8650898509309455,-2.033666996712442,-0.475457482687542,-0.3930014353362663,1,0,1.0086432360786566,-0.2102140084019993,1.0999943509702854,-1.3514326133570274,3,False,False,True,False,False,False,False,False,False,True,False,False,False,False,False,False,False,False,False,False,False,False,False,False,False,False,False,False,False,False,False,False,False,False,False,False,False,False,False,False,False,False,False,False,False,False,False,False,False,False
-0.8720664691016107,-1.9192106267873736,-0.31618804163893405,-0.27444478712536297,1,0,0.24331876296319893,-0.14379337148189011,0.9918186347060323,0.5747168140036593,3,False,False,True,False,False,False,False,False,False,True,False,False,False,False,False,False,False,False,False,False,False,False,False,False,False,False,False,False,False,False,False,False,False,False,False,False,False,False,False,False,False,False,False,False,False,False,False,False,False,False
-1.0725737138002958,-2.269017644794821,0.002350840458282005,0.02194683340189537,1,0,-0.26689755244710506,0.011188114665031354,0.4509400533847698,1.021360159478601,4,False,False,True,False,False,False,False,False,False,False,False,False,False,False,False,False,False,False,False,False,False,False,False,False,False,False,False,False,False,True,False,False,False,False,False,False,False,False,False,False,False,False,False,False,False,False,False,False,False,False
-1.2367751982990327,-1.934507927248572,0.002350840458282005,-0.27444478712536297,1,0,-0.04823341727126142,-0.1167331119959197,0.8160330957766223,-0.6535523860524308,3,False,False,True,False,False,False,False,False,False,False,False,False,False,False,False,False,False,False,False,False,False,False,False,True,False,False,False,False,False,False,False,False,False,False,False,False,False,False,False,False,False,False,False,False,False,False,False,False,False,False
-1.0863162323886393,-1.6930996115062507,-0.63472692373615,-0.5708364076526213,1,0,-0.3033415749764134,-0.48819667403060446,-0.3130509427315133,0.7422080685567624,6,False,False,True,False,False,False,False,False,False,False,False,False,False,False,False,False,False,False,False,False,False,False,False,False,False,False,False,False,False,False,False,False,True,False,False,False,False,False,False,False,False,False,False,False,False,False,False,False,False,False
-1.6179497675165886,-1.7357112149184128,-0.7939963647847581,-0.6893930558635247,0,0,0.316206808021814,-0.3627354709592871,0.5320718405829593,0.6026320230958431,4,False,False,True,False,False,False,False,False,False,False,False,False,False,False,False,False,False,False,False,False,False,False,False,False,False,False,False,True,False,False,False,False,False,False,False,False,False,False,False,False,False,False,False,False,False,False,False,False,False,False
-1.6474684257179635,-1.736626349554346,-0.475457482687542,-0.5708364076526213,1,0,1.445971506430347,-0.5103368863373076,1.005340599239064,0.7142928594645785,3,False,False,True,False,False,False,False,False,False,False,False,False,False,False,False,False,False,False,False,False,False,False,False,False,False,False,False,True,False,False,False,False,False,False,False,False,False,False,False,False,False,False,False,False,False,False,False,False,False,False
-3.9151570669242046,-2.7852595231915256,-0.156918600590326,-0.33372311123081466,1,0,0.20687474043389217,-0.26433452737394014,-0.10346049246952445,0.630547232188027,5,False,False,True,False,False,False,False,False,False,False,False,False,False,False,False,False,False,False,False,False,False,False,False,False,False,False,False,False,False,False,False,False,False,False,True,False,False,False,False,False,False,False,False,False,False,False,False,False,False,False
-4.087211790060843,-2.8617238016690583,-0.156918600590326,-0.15588813891445966,1,0,0.38909485308042907,-0.5250970278751096,0.4644620179178015,0.4351407685427399,4,False,False,True,False,False,False,False,False,False,False,False,False,False,False,False,False,False,False,False,False,False,False,False,False,False,False,False,False,False,False,False,False,False,False,True,False,False,False,False,False,False,False,False,False,False,False,False,False,False,False
-4.09265929829507,-2.869063449352928,-0.475457482687542,-0.5708364076526213,1,0,0.9721992135493498,-0.5349371222336443,0.4644620179178015,0.7701232776489463,4,False,False,True,False,False,False,False,False,False,False,False,False,False,False,False,False,False,False,False,False,False,False,False,False,False,False,False,False,False,False,False,False,False,False,True,False,False,False,False,False,False,False,False,False,False,False,False,False,False,False
-0.6998633348987016,-1.6055027171382281,-0.63472692373615,-0.5708364076526213,0,0,-1.5059943184435616,-0.49557674479950553,0.437418088851738,0.01641263215998193,4,False,False,True,False,False,False,False,False,False,False,False,False,False,False,False,False,False,False,False,False,False,False,False,False,False,False,False,False,False,False,False,False,False,False,False,False,False,False,False,False,False,False,False,False,False,False,False,False,True,False
-0.055872670841903845,0.7766941173864427,-0.7939963647847581,-0.6893930558635247,0,0,-2.9637552196158614,-0.5792175468470504,0.9377307765739062,1.440088295861359,3,False,False,True,False,False,False,False,False,False,False,False,False,False,False,False,False,False,False,False,False,False,True,False,False,False,False,False,False,False,False,False,False,False,False,False,False,False,False,False,False,False,False,False,False,False,False,False,False,False,False
3.1781290765547863,1.2995069425502717,-0.63472692373615,-0.630114731758073,1,0,-0.08467743980056815,-0.22251412635016768,-0.9147783644514181,-0.09524820420875353,6,False,True,False,False,False,False,False,False,False,False,False,False,False,False,True,False,False,False,False,False,False,False,False,False,False,False,False,False,False,False,False,False,False,False,False,False,False,False,False,False,False,False,False,False,False,False,False,False,False,False
3.202643296294123,1.3317083567156773,0.48015916360410604,-0.09660981480900797,1,0,0.1339866953752771,-0.1929938432745636,-0.7119488964559447,-0.6814675951446146,6,False,True,False,False,False,False,False,False,False,False,False,False,False,False,True,False,False,False,False,False,False,False,False,False,False,False,False,False,False,False,False,False,False,False,False,False,False,False,False,False,False,False,False,False,False,False,False,False,False,False
2.6495576554676306,1.1227708810046335,-0.7939963647847581,-0.6893930558635247,0,0,-0.9593339805039491,-0.5152569335165749,-1.0229540807156703,-0.15107862239312125,6,False,True,False,False,False,False,False,False,False,False,False,False,False,False,True,False,False,False,False,False,False,False,False,False,False,False,False,False,False,False,False,False,False,False,False,False,False,False,False,False,False,False,False,False,False,False,False,False,False,False
3.2081513804737636,1.288325616898727,-0.475457482687542,-0.21516646301991132,1,0,0.6077589882562744,0.12680922337781403,-1.0094321161826385,-0.2627394587618567,6,False,True,False,False,False,False,False,False,False,False,False,False,False,False,True,False,False,False,False,False,False,False,False,False,False,False,False,False,False,False,False,False,False,False,False,False,False,False,False,False,False,False,False,False,False,False,False,False,False,False
3.183907589062178,1.3182321924461435,0.002350840458282005,-0.0373314907035563,1,0,0.316206808021814,0.39249177105825084,0.1940227272571703,-0.23482424966967286,4,False,True,False,False,False,False,False,False,False,False,False,False,False,False,True,False,False,False,False,False,False,False,False,False,False,False,False,False,False,False,False,False,False,False,False,False,False,False,False,False,False,False,False,False,False,False,False,False,False,False
3.193878822363028,1.2939744270017661,1.2765063688471459,0.43689510214005706,1,0,-0.011789394741953068,0.9853574561599662,-0.10346049246952445,-0.5139763405915115,5,False,True,False,False,False,False,False,False,False,False,False,False,False,False,True,False,False,False,False,False,False,False,False,False,False,False,False,False,False,False,False,False,False,False,False,False,False,False,False,False,False,False,False,False,False,False,False,False,False,False
3.231765614738347,1.2566864960375685,0.320889722555498,0.7332867226673154,1,0,-0.15756548485918323,-0.09459289968921664,-0.23868013779984007,-0.09524820420875353,5,False,True,False,False,False,False,False,False,False,False,False,False,False,False,True,False,False,False,False,False,False,False,False,False,False,False,False,False,False,False,False,False,False,False,False,False,False,False,False,False,False,False,False,False,False,False,False,False,False,False
3.2047046091795766,1.3365023105121,-0.31618804163893405,-0.09660981480900797,1,0,-0.15756548485918323,-0.03309230994837478,-0.008806740738303138,-0.2906546678540406,5,False,True,False,False,False,False,False,False,False,False,False,False,False,False,True,False,False,False,False,False,False,False,False,False,False,False,False,False,False,False,False,False,False,False,False,False,False,False,False,False,False,False,False,False,False,False,False,False,False,False
3.527266326297619,1.6215673584773487,-0.475457482687542,-0.5115580835471697,1,0,-0.26689755244710506,-0.41439596634159426,-0.3130509427315133,-0.06733299511656966,6,False,True,False,False,False,False,False,False,False,False,False,False,False,False,True,False,False,False,False,False,False,False,False,False,False,False,False,False,False,False,False,False,False,False,False,False,False,False,False,False,False,False,False,False,False,False,False,False,False,False
3.280440982992311,1.3526772999804235,0.7986980457013221,0.14050348161279871,1,0,0.27976278549250727,-0.05769254584471152,-0.2522021023328709,0.10015825943653352,5,False,True,False,False,False,False,False,False,False,False,False,False,False,False,True,False,False,False,False,False,False,False,False,False,False,False,False,False,False,False,False,False,False,False,False,False,False,False,False,False,False,False,False,False,False,False,False,False,False,False
3.1943655933529818,1.2942764275203433,-0.63472692373615,-0.5708364076526213,1,0,-0.7406698453281039,-0.49557674479950553,-1.0499980097817339,0.1839038867130851,6,False,True,False,False,False,False,False,False,False,False,False,False,False,False,True,False,False,False,False,False,False,False,False,False,False,False,False,False,False,False,False,False,False,False,False,False,False,False,False,False,False,False,False,False,False,False,False,False,False,False
3.1652034678589147,1.3455608038894176,-0.475457482687542,-0.5115580835471697,0,0,0.20687474043389217,-0.5201769806958423,-0.8742124708523229,0.21181909580526898,6,False,True,False,False,False,False,False,False,False,False,False,False,False,False,True,False,False,False,False,False,False,False,False,False,False,False,False,False,False,False,False,False,False,False,False,False,False,False,False,False,False,False,False,False,False,False,False,False,False,False
3.20747768942367,1.345323648240245,-0.156918600590326,-0.33372311123081466,1,1,0.06109865031666202,-0.36027544736965345,-0.5226413929935021,0.4909711867271076,5,False,True,False,False,False,False,False,False,False,False,False,False,False,False,True,False,False,False,False,False,False,False,False,False,False,False,False,False,False,False,False,False,False,False,False,False,False,False,False,False,False,False,False,False,False,False,False,False,False,False
3.1746662959035934,1.3108788451419795,0.002350840458282005,-0.15588813891445966,1,0,0.1339866953752771,-0.31353499916661365,-1.0229540807156703,0.6026320230958431,6,False,True,False,False,False,False,False,False,False,False,False,False,False,False,True,False,False,False,False,False,False,False,False,False,False,False,False,False,False,False,False,False,False,False,False,False,False,False,False,False,False,False,False,False,False,False,False,False,False,False
3.2012634627946044,1.3306817985013215,-0.156918600590326,-0.21516646301991132,1,0,0.5348709431976593,-0.26433452737394014,-0.8201246127201969,0.7142928594645785,6,False,True,False,False,False,False,False,False,False,False,False,False,False,False,True,False,False,False,False,False,False,False,False,False,False,False,False,False,False,False,False,False,False,False,False,False,False,False,False,False,False,False,False,False,False,False,False,False,False,False
3.0006852577027154,1.3229750009934513,-0.7939963647847581,-0.6893930558635247,0,0,0.5713149657269676,-0.5496972637714463,-1.0229540807156703,0.7422080685567624,6,False,True,False,False,False,False,False,False,False,False,False,False,False,False,True,False,False,False,False,False,False,False,False,False,False,False,False,False,False,False,False,False,False,False,False,False,False,False,False,False,False,False,False,False,False,False,False,False,False,False
3.5330431080637146,2.0670817505054835,-0.63472692373615,-0.5708364076526213,1,0,0.4619828981390442,-0.43407615505866365,-0.9553442580505125,0.7701232776489463,6,False,True,False,False,False,False,False,False,False,False,False,False,False,False,True,False,False,False,False,False,False,False,False,False,False,False,False,False,False,False,False,False,False,False,False,False,False,False,False,False,False,False,False,False,False,False,False,False,False,False
3.1263773156443198,1.3616892146487232,0.320889722555498,0.02194683340189537,1,0,-0.7042258227987955,-0.13887332430262275,-0.9147783644514181,0.7701232776489463,6,False,True,False,False,False,False,False,False,False,False,False,False,False,False,True,False,False,False,False,False,False,False,False,False,False,False,False,False,False,False,False,False,False,False,False,False,False,False,False,False,False,False,False,False,False,False,False,False,False,False
3.207208559151892,1.2905833143239058,-0.475457482687542,-0.452279759441718,1,0,0.7535350783735029,-0.3750355889074555,0.5320718405829593,0.7980384867411301,4,False,True,False,False,False,False,False,False,False,False,False,False,False,False,True,False,False,False,False,False,False,False,False,False,False,False,False,False,False,False,False,False,False,False,False,False,False,False,False,False,False,False,False,False,False,False,False,False,False,False
4.204941542859137,1.4003848577075855,-0.63472692373615,-0.630114731758073,0,0,2.2477400020751115,-0.5472372401818126,-1.090563903380828,0.7980384867411301,6,False,True,False,False,False,False,False,False,False,False,False,False,False,False,True,False,False,False,False,False,False,False,False,False,False,False,False,False,False,False,False,False,False,False,False,False,False,False,False,False,False,False,False,False,False,False,False,False,False,False
3.209169489042082,1.2929198606747934,-0.63472692373615,-0.5708364076526213,0,0,0.4619828981390442,-0.38733570685562385,-0.9012563999183865,0.9934449503864172,6,False,True,False,False,False,False,False,False,False,False,False,False,False,False,True,False,False,False,False,False,False,False,False,False,False,False,False,False,False,False,False,False,False,False,False,False,False,False,False,False,False,False,False,False,False,False,False,False,False,False
3.2307639482123545,1.3071948650257352,-0.7939963647847581,-0.630114731758073,0,0,-0.6677818002694889,-0.5324770986440106,-0.5767292511256291,1.1609362049395204,6,False,True,False,False,False,False,False,False,False,False,False,False,False,False,True,False,False,False,False,False,False,False,False,False,False,False,False,False,False,False,False,False,False,False,False,False,False,False,False,False,False,False,False,False,False,False,False,False,False,False
3.1858802014561287,1.3063588837515254,-0.475457482687542,-0.27444478712536297,0,0,-0.9957780030332559,-0.5398571694129116,-0.5496853220595657,1.216766623123888,6,False,True,False,False,False,False,False,False,False,False,False,False,False,False,True,False,False,False,False,False,False,False,False,False,False,False,False,False,False,False,False,False,False,False,False,False,False,False,False,False,False,False,False,False,False,False,False,False,False,False
3.0808086280195632,1.363802913842757,-0.7939963647847581,-0.6893930558635247,0,0,-0.4491176650936436,-0.5496972637714463,-1.0229540807156703,1.3005122504004396,6,False,True,False,False,False,False,False,False,False,False,False,False,False,False,True,False,False,False,False,False,False,False,False,False,False,False,False,False,False,False,False,False,False,False,False,False,False,False,False,False,False,False,False,False,False,False,False,False,False,False
2.2146457323859305,1.114943526838139,-0.31618804163893405,-0.5115580835471697,0,0,-1.1415540931504862,-0.3848756832659902,-0.8877344353853547,-0.06733299511656966,6,False,True,False,False,False,True,False,False,False,False,False,False,False,False,False,False,False,False,False,False,False,False,False,False,False,False,False,False,False,False,False,False,False,False,False,False,False,False,False,False,False,False,False,False,False,False,False,False,False,False
2.127065030503006,1.0249263662174004,-0.7939963647847581,-0.630114731758073,0,0,0.38909485308042907,-0.3455153058318514,-1.0499980097817339,-0.0394177860243858,6,False,True,False,False,False,True,False,False,False,False,False,False,False,False,False,False,False,False,False,False,False,False,False,False,False,False,False,False,False,False,False,False,False,False,False,False,False,False,False,False,False,False,False,False,False,False,False,False,False,False
2.127178826743325,1.0189478519191728,-0.156918600590326,-0.3930014353362663,1,0,-1.4695502959142532,-0.4488362965964657,-1.0229540807156703,0.01641263215998193,6,False,True,False,False,False,True,False,False,False,False,False,False,False,False,False,False,False,False,False,False,False,False,False,False,False,False,False,False,False,False,False,False,False,False,False,False,False,False,False,False,False,False,False,False,False,False,False,False,False,False
2.082950598253568,1.3528307357277676,-0.475457482687542,-0.15588813891445966,1,0,-0.7406698453281039,-0.43653617864829736,-1.0229540807156703,0.044327841252165795,6,False,True,False,False,False,True,False,False,False,False,False,False,False,False,False,False,False,False,False,False,False,False,False,False,False,False,False,False,False,False,False,False,False,False,False,False,False,False,False,False,False,False,False,False,False,False,False,False,False,False
2.0861676136405,1.3556595551013808,-0.63472692373615,-0.5708364076526213,0,0,-0.4491176650936436,-0.5004967919787728,-1.0229540807156703,0.2955647230818206,6,False,True,False,False,False,True,False,False,False,False,False,False,False,False,False,False,False,False,False,False,False,False,False,False,False,False,False,False,False,False,False,False,False,False,False,False,False,False,False,False,False,False,False,False,False,False,False,False,False,False
2.214442802968785,1.109290150195003,-0.31618804163893405,-0.5115580835471697,1,0,-0.5584497326815654,-0.44145622582756466,-0.9553442580505125,0.7422080685567624,6,False,True,False,False,False,True,False,False,False,False,False,False,False,False,False,False,False,False,False,False,False,False,False,False,False,False,False,False,False,False,False,False,False,False,False,False,False,False,False,False,False,False,False,False,False,False,False,False,False,False
2.1303218529397836,1.0295531846461805,-0.7939963647847581,-0.630114731758073,0,0,-0.37622962003502847,-0.49557674479950553,-0.6849049673898813,1.049275368570785,6,False,True,False,False,False,True,False,False,False,False,False,False,False,False,False,False,False,False,False,False,False,False,False,False,False,False,False,False,False,False,False,False,False,False,False,False,False,False,False,False,False,False,False,False,False,False,False,False,False,False
1.7081222246890224,1.2307281510601427,0.16162028150689,0.02194683340189537,1,0,-0.8864459354453341,-0.3897957304452575,0.437418088851738,-1.1839413588039243,4,False,True,False,False,False,False,False,False,False,False,False,False,False,False,False,False,False,False,True,False,False,False,False,False,False,False,False,False,False,False,False,False,False,False,False,False,False,False,False,False,False,False,False,False,False,False,False,False,False,False
1.5991603775007581,1.212876328067297,-0.63472692373615,-0.5708364076526213,1,0,-0.6677818002694889,-0.5004967919787728,-1.0229540807156703,-0.15107862239312125,6,False,True,False,False,False,False,False,False,False,False,False,False,False,False,False,False,False,False,True,False,False,False,False,False,False,False,False,False,False,False,False,False,False,False,False,False,False,False,False,False,False,False,False,False,False,False,False,False,False,False
1.795991960368647,1.2233979408924762,-0.63472692373615,-0.452279759441718,0,0,-0.1211214623298765,-0.20775398481236565,-1.0770419388477963,0.2955647230818206,6,False,True,False,False,False,False,False,False,False,False,False,False,False,False,False,False,False,False,True,False,False,False,False,False,False,False,False,False,False,False,False,False,False,False,False,False,False,False,False,False,False,False,False,False,False,False,False,False,False,False
1.7471482775234908,1.2217673816409664,-0.63472692373615,-0.630114731758073,1,0,-1.7611024761487135,-0.5570773345403474,-0.6849049673898813,1.272597041308256,6,False,True,False,False,False,False,False,False,False,False,False,False,False,False,False,False,False,False,True,False,False,False,False,False,False,False,False,False,False,False,False,False,False,False,False,False,False,False,False,False,False,False,False,False,False,False,False,False,False,False
1.0325533202866926,1.1120821328118118,-0.63472692373615,-0.33372311123081466,1,0,-0.6677818002694889,-0.325835117114782,-0.9959101516496067,-0.09524820420875353,6,False,True,False,False,False,False,False,False,False,False,False,False,False,False,False,False,False,False,False,False,False,False,False,False,False,False,True,False,False,False,False,False,False,False,False,False,False,False,False,False,False,False,False,False,False,False,False,False,False,False
1.118154919495799,1.1442741094610183,0.95796748674993,0.9704000190891222,1,0,-0.23045352991779833,1.3396008530672152,0.3292423725874859,-0.6814675951446146,4,False,True,False,False,False,False,False,False,False,False,False,False,False,False,False,False,False,False,False,False,False,False,False,False,False,False,True,False,False,False,False,False,False,False,False,False,False,False,False,False,False,False,False,False,False,False,False,False,False,False
1.1165669643552427,1.1367021771040826,-0.156918600590326,0.14050348161279871,1,0,-0.7042258227987955,-0.23727426788796974,-0.6849049673898813,-0.17899383148530512,6,False,True,False,False,False,False,False,False,False,False,False,False,False,False,False,False,False,False,False,False,False,False,False,False,False,False,True,False,False,False,False,False,False,False,False,False,False,False,False,False,False,False,False,False,False,False,False,False,False,False
1.1313855713453758,1.135299335985529,0.320889722555498,0.14050348161279871,1,1,-0.1211214623298765,0.6311140592527171,0.1264129045920125,-0.23482424966967286,5,False,True,False,False,False,False,False,False,False,False,False,False,False,False,False,False,False,False,False,False,False,False,False,False,False,False,True,False,False,False,False,False,False,False,False,False,False,False,False,False,False,False,False,False,False,False,False,False,False,False
1.1335230368479223,1.1467872286957561,-0.475457482687542,-0.452279759441718,1,0,-0.26689755244710506,-0.23727426788796974,1.1946481027015057,-0.8768740587899018,3,False,True,False,False,False,False,False,False,False,False,False,False,False,False,False,False,False,False,False,False,False,False,False,False,False,False,True,False,False,False,False,False,False,False,False,False,False,False,False,False,False,False,False,False,False,False,False,False,False,False
1.1412096916359284,1.1421327065903732,-0.63472692373615,-0.630114731758073,0,0,-0.6313377777401805,-0.47343653249280243,-0.8877344353853547,-0.34648508603840833,6,False,True,False,False,False,False,False,False,False,False,False,False,False,False,False,False,False,False,False,False,False,False,False,False,False,False,True,False,False,False,False,False,False,False,False,False,False,False,False,False,False,False,False,False,False,False,False,False,False,False
1.1431857655124744,1.1371527423939014,0.002350840458282005,0.08122515750734705,1,0,0.316206808021814,0.14648941209488342,-0.7525147900550391,-0.6814675951446146,6,False,True,False,False,False,False,False,False,False,False,False,False,False,False,False,False,False,False,False,False,False,False,False,False,False,False,True,False,False,False,False,False,False,False,False,False,False,False,False,False,False,False,False,False,False,False,False,False,False,False
1.206943678804455,1.271630346295069,-0.156918600590326,0.02194683340189537,1,0,-0.5948937552108737,-0.4291561078793963,-1.0499980097817339,0.4909711867271076,6,False,True,False,False,False,False,False,False,False,False,False,False,False,False,False,False,False,False,False,False,False,False,False,False,False,False,True,False,False,False,False,False,False,False,False,False,False,False,False,False,False,False,False,False,False,False,False,False,False,False
1.1492515810752697,1.1519574653963767,-0.7939963647847581,-0.5115580835471697,0,0,-0.8500019129160258,-0.4020958483934259,-0.9553442580505125,0.6863776503723946,6,False,True,False,False,False,False,False,False,False,False,False,False,False,False,False,False,False,False,False,False,False,False,False,False,False,False,True,False,False,False,False,False,False,False,False,False,False,False,False,False,False,False,False,False,False,False,False,False,False,False
1.1302765988589316,1.131253381457397,0.16162028150689,-0.09660981480900797,1,0,-0.4491176650936436,-0.3750355889074555,-0.9688662225835443,0.7701232776489463,6,False,True,False,False,False,False,False,False,False,False,False,False,False,False,False,False,False,False,False,False,False,False,False,False,False,False,True,False,False,False,False,False,False,False,False,False,False,False,False,False,False,False,False,False,False,False,False,False,False,False
1.0952450969393444,1.129896814611847,-0.31618804163893405,-0.27444478712536297,1,0,0.024654627787353667,-0.3159950227562473,-0.9147783644514181,0.8817841140176818,6,False,True,False,False,False,False,False,False,False,False,False,False,False,False,False,False,False,False,False,False,False,False,False,False,False,False,True,False,False,False,False,False,False,False,False,False,False,False,False,False,False,False,False,False,False,False,False,False,False,False
1.7528558296376815,0.9252750237308045,-0.475457482687542,-0.5115580835471697,0,0,-2.0162106338538672,-0.4857366504409708,-1.0229540807156703,-0.17899383148530512,6,False,True,False,False,True,False,False,False,False,False,False,False,False,False,False,False,False,False,False,False,False,False,False,False,False,False,False,False,False,False,False,False,False,False,False,False,False,False,False,False,False,False,False,False,False,False,False,False,False,False
1.9972564043850365,1.0459698963037647,-0.7939963647847581,-0.630114731758073,0,0,1.2273073712545033,-0.5029568155684065,-1.0229540807156703,0.9376145322020495,6,False,True,False,False,True,False,False,False,False,False,False,False,False,False,False,False,False,False,False,False,False,False,False,False,False,False,False,False,False,False,False,False,False,False,False,False,False,False,False,False,False,False,False,False,False,False,False,False,False,False
1.7392950388855861,0.9245178913823208,-0.63472692373615,-0.5708364076526213,1,0,0.09754267284596875,-0.5201769806958423,-0.8877344353853547,1.049275368570785,6,False,True,False,False,True,False,False,False,False,False,False,False,False,False,False,False,False,False,False,False,False,False,False,False,False,False,False,False,False,False,False,False,False,False,False,False,False,False,False,False,False,False,False,False,False,False,False,False,False,False
1.1047689336147666,0.9822079057669122,-0.475457482687542,0.02194683340189537,1,0,1.11797530366658,-0.2594144801946728,0.8971648829748119,0.6026320230958431,3,False,True,False,False,False,False,False,False,False,False,False,False,False,False,False,False,False,False,False,False,False,False,False,False,False,False,False,False,False,False,False,False,False,False,False,False,False,False,False,False,False,False,False,False,False,False,False,True,False,False
1.3964282648639936,0.8215914263363836,-0.63472692373615,-0.5708364076526213,1,0,-1.214442138209101,-0.4857366504409708,-1.0229540807156703,0.825953695833314,6,False,True,False,False,False,False,False,False,False,False,False,False,False,False,False,False,False,False,False,False,False,False,False,False,False,False,False,False,False,False,False,False,False,False,False,False,False,False,False,False,False,False,False,False,False,False,False,True,False,False
1.100893371164094,0.9694797407656689,-0.63472692373615,-0.5708364076526213,0,0,0.024654627787353667,-0.49557674479950553,-0.6849049673898813,1.1051057867551526,6,False,True,False,False,False,False,False,False,False,False,False,False,False,False,False,False,False,False,False,False,False,False,False,False,False,False,False,False,False,False,False,False,False,False,False,False,False,False,False,False,False,False,False,False,False,False,False,True,False,False
0.7491401059499256,0.9845538896340161,-0.63472692373615,-0.5708364076526213,1,0,-0.1940095073884916,-0.43653617864829736,-0.9959101516496067,-0.12316341330093739,6,False,True,False,False,False,False,False,False,False,False,True,False,False,False,False,False,False,False,False,False,False,False,False,False,False,False,False,False,False,False,False,False,False,False,False,False,False,False,False,False,False,False,False,False,False,False,False,False,False,False
0.7580002033377119,0.9910898262603798,-0.475457482687542,-0.5708364076526213,1,0,-0.9593339805039491,-0.48819667403060446,-1.090563903380828,0.044327841252165795,6,False,True,False,False,False,False,False,False,False,False,True,False,False,False,False,False,False,False,False,False,False,False,False,False,False,False,False,False,False,False,False,False,False,False,False,False,False,False,False,False,False,False,False,False,False,False,False,False,False,False
0.5855162563592645,1.156941996132945,0.320889722555498,-0.21516646301991132,1,0,-1.2873301832677162,-0.42177603711049527,-1.0094321161826385,0.4351407685427399,6,False,True,False,False,False,False,False,False,False,False,True,False,False,False,False,False,False,False,False,False,False,False,False,False,False,False,False,False,False,False,False,False,False,False,False,False,False,False,False,False,False,False,False,False,False,False,False,False,False,False
0.602319158247105,1.1536020287041908,-0.475457482687542,-0.5708364076526213,0,0,0.1339866953752771,-0.5127969099269413,-0.9553442580505125,0.6584624412802108,6,False,True,False,False,False,False,False,False,False,False,True,False,False,False,False,False,False,False,False,False,False,False,False,False,False,False,False,False,False,False,False,False,False,False,False,False,False,False,False,False,False,False,False,False,False,False,False,False,False,False
0.9236442607080044,1.0256186536964798,-0.63472692373615,-0.5708364076526213,1,0,0.17043071790458383,-0.49557674479950553,-1.090563903380828,0.8817841140176818,6,False,True,False,False,False,False,False,False,False,False,True,False,False,False,False,False,False,False,False,False,False,False,False,False,False,False,False,False,False,False,False,False,False,False,False,False,False,False,False,False,False,False,False,False,False,False,False,False,False,False
0.3673234317109578,1.0651874192223623,0.16162028150689,-0.09660981480900797,1,0,0.20687474043389217,-0.16101353660932582,-0.22515817326680831,-0.09524820420875353,5,False,True,False,False,False,False,False,False,False,False,False,False,False,False,False,False,True,False,False,False,False,False,False,False,False,False,False,False,False,False,False,False,False,False,False,False,False,False,False,False,False,False,False,False,False,False,False,False,False,False
0.11045286591432646,0.9284801260086243,0.95796748674993,0.2590601298237021,1,0,-0.37622962003502847,-0.08229278174104826,-0.5632072865925973,-0.15107862239312125,6,False,True,False,False,False,False,False,False,False,False,False,False,False,False,False,False,True,False,False,False,False,False,False,False,False,False,False,False,False,False,False,False,False,False,False,False,False,False,False,False,False,False,False,False,False,False,False,False,False,False
0.3101496910004075,1.0107487813885856,-0.156918600590326,-0.09660981480900797,1,0,-0.23045352991779833,-0.2495743858361381,-0.5767292511256291,0.3513951412661883,6,False,True,False,False,False,False,False,False,False,False,False,False,False,False,False,False,True,False,False,False,False,False,False,False,False,False,False,False,False,False,False,False,False,False,False,False,False,False,False,False,False,False,False,False,False,False,False,False,False,False
0.19139487686494275,0.9377243253499769,-0.7939963647847581,-0.3930014353362663,0,0,-0.4855616876229503,-0.38733570685562385,-0.8606905063192911,0.630547232188027,6,False,True,False,False,False,False,False,False,False,False,False,False,False,False,False,False,True,False,False,False,False,False,False,False,False,False,False,False,False,False,False,False,False,False,False,False,False,False,False,False,False,False,False,False,False,False,False,False,False,False
0.1827853042799862,0.910028868518721,-0.7939963647847581,-0.6893930558635247,0,0,-1.0322220255625643,-0.5275570514647433,-0.3130509427315133,0.6863776503723946,6,False,True,False,False,False,False,False,False,False,False,False,False,False,False,False,False,True,False,False,False,False,False,False,False,False,False,False,False,False,False,False,False,False,False,False,False,False,False,False,False,False,False,False,False,False,False,False,False,False,False
0.08419059746440279,0.9215587733978609,-0.475457482687542,-0.5708364076526213,0,1,-0.8500019129160258,-0.5669174288988821,-1.090563903380828,1.1609362049395204,6,False,True,False,False,False,False,False,False,False,False,False,False,False,False,False,False,True,False,False,False,False,False,False,False,False,False,False,False,False,False,False,False,False,False,False,False,False,False,False,False,False,False,False,False,False,False,False,False,False,False
0.29766628670607465,0.6933200548663998,-0.475457482687542,-0.5115580835471697,1,0,-0.5584497326815654,-0.4783565796720698,-0.9012563999183865,-0.09524820420875353,6,False,True,False,False,False,False,False,False,False,False,False,False,False,False,False,False,False,False,False,False,False,False,False,False,False,False,False,False,False,False,False,False,False,False,False,False,False,False,False,False,False,True,False,False,False,False,False,False,False,False
0.2804047383743696,0.8185857296429143,-0.156918600590326,-0.452279759441718,1,0,0.316206808021814,0.3113109926003396,-0.3333338895310604,0.40722555945055605,5,False,True,False,False,False,False,False,False,False,False,False,False,False,False,False,False,False,False,False,False,False,False,False,False,False,False,False,False,False,False,False,False,False,False,False,False,False,False,False,False,False,True,False,False,False,False,False,False,False,False
0.38023259836450063,0.8692755424910336,-0.31618804163893405,-0.33372311123081466,1,0,0.06109865031666202,-0.4709765089031688,-0.8877344353853547,0.5188863958192915,6,False,True,False,False,False,False,False,False,False,False,False,False,False,False,False,False,False,False,False,False,False,False,False,False,False,False,False,False,False,False,False,False,False,False,False,False,False,False,False,False,False,True,False,False,False,False,False,False,False,False
0.5214597901934469,0.8982669834025255,1.595045250944362,0.43689510214005706,1,0,0.38909485308042907,0.42201205413385495,0.153456833658076,0.6584624412802108,4,False,True,False,False,False,False,False,False,False,False,False,False,False,False,False,False,False,False,False,False,False,False,False,False,False,False,False,False,False,False,False,False,False,False,False,False,False,False,False,False,False,True,False,False,False,False,False,False,False,False
0.3873182532369136,0.8439677772597887,-0.63472692373615,-0.630114731758073,0,0,0.20687474043389217,-0.5300170750543769,-1.0229540807156703,0.7980384867411301,6,False,True,False,False,False,False,False,False,False,False,False,False,False,False,False,False,False,False,False,False,False,False,False,False,False,False,False,False,False,False,False,False,False,False,False,False,False,False,False,False,False,True,False,False,False,False,False,False,False,False
0.4039558693308316,0.8344355814561547,-0.63472692373615,-0.630114731758073,1,0,-0.04823341727126142,-0.55215728736108,-0.9553442580505125,0.7701232776489463,6,False,True,False,False,False,False,False,False,False,False,False,False,False,False,False,False,False,False,False,False,False,False,False,False,False,False,False,False,False,False,False,False,False,False,False,False,False,False,False,False,False,True,False,False,False,False,False,False,False,False
0.31936112887160684,0.8341198813172792,-0.31618804163893405,-0.33372311123081466,1,0,1.0450872586079631,-0.424236060700129,2.019487939216431,0.044327841252165795,2,False,True,False,False,False,False,False,False,False,False,False,False,False,False,False,False,False,False,False,False,False,False,False,False,False,False,False,False,False,False,False,False,False,False,False,False,False,False,False,False,False,True,False,False,False,False,False,False,False,False
0.3491753111495496,0.8240253922094067,-0.156918600590326,-0.21516646301991132,1,0,0.49842692066835254,-0.42669608428976263,1.8842682938861155,0.044327841252165795,2,False,True,False,False,False,False,False,False,False,False,False,False,False,False,False,False,False,False,False,False,False,False,False,False,False,False,False,False,False,False,False,False,False,False,False,False,False,False,False,False,False,True,False,False,False,False,False,False,False,False
0.295906988177054,0.5880801806060812,-0.7939963647847581,-0.6893930558635247,0,0,-0.011789394741953068,-0.5693774524885157,-0.8877344353853547,1.3005122504004396,6,False,True,False,False,False,False,False,False,False,False,False,False,True,False,False,False,False,False,False,False,False,False,False,False,False,False,False,False,False,False,False,False,False,False,False,False,False,False,False,False,False,False,False,False,False,False,False,False,False,False
0.30862923477045656,0.6627723370890102,-0.63472692373615,-0.5708364076526213,0,0,-1.396662250855638,-0.49557674479950553,-0.5767292511256291,1.021360159478601,6,False,True,False,False,False,False,False,False,False,False,False,False,True,False,False,False,False,False,False,False,False,False,False,False,False,False,False,False,False,False,False,False,False,False,False,False,False,False,False,False,False,False,False,False,False,False,False,False,False,False
0.2960454474808637,0.575435431070652,-0.156918600590326,-0.27444478712536297,1,0,-0.08467743980056815,-0.46113641454463405,0.018237188327760372,0.9376145322020495,5,False,True,False,False,False,False,False,False,False,False,False,False,True,False,False,False,False,False,False,False,False,False,False,False,False,False,False,False,False,False,False,False,False,False,False,False,False,False,False,False,False,False,False,False,False,False,False,False,False,False
0.2987839128990064,0.5873416188539897,-0.156918600590326,-0.452279759441718,1,0,-1.1779981156797927,-0.4020958483934259,-0.21163620873377656,0.8538689049254978,5,False,True,False,False,False,False,False,False,False,False,False,False,True,False,False,False,False,False,False,False,False,False,False,False,False,False,False,False,False,False,False,False,False,False,False,False,False,False,False,False,False,False,False,False,False,False,False,False,False,False
0.2853961962766746,0.5894644511282339,0.48015916360410604,0.14050348161279871,1,0,-0.1940095073884916,-0.23973429147760342,0.004715223794728616,0.825953695833314,5,False,True,False,False,False,False,False,False,False,False,False,False,True,False,False,False,False,False,False,False,False,False,False,False,False,False,False,False,False,False,False,False,False,False,False,False,False,False,False,False,False,False,False,False,False,False,False,False,False,False
0.26841675877647786,0.5831793697713327,-0.63472692373615,-0.5708364076526213,1,0,0.1339866953752771,-0.48081660326170345,-0.41446567672925,0.8538689049254978,5,False,True,False,False,False,False,False,False,False,False,False,False,True,False,False,False,False,False,False,False,False,False,False,False,False,False,False,False,False,False,False,False,False,False,False,False,False,False,False,False,False,False,False,False,False,False,False,False,False,False
0.2656670435399014,0.6264041073008422,-0.475457482687542,-0.5115580835471697,1,0,-0.7771138678574107,-0.4488362965964657,-0.8606905063192911,-0.06733299511656966,6,False,True,False,False,False,False,False,False,False,False,False,False,True,False,False,False,False,False,False,False,False,False,False,False,False,False,False,False,False,False,False,False,False,False,False,False,False,False,False,False,False,False,False,False,False,False,False,False,False,False
0.2687650704626216,0.6811630118135996,-0.7939963647847581,-0.630114731758073,0,0,-0.3397855975057201,-0.42669608428976263,-0.9553442580505125,0.15598867762090124,6,False,True,False,False,False,False,False,False,False,False,False,False,True,False,False,False,False,False,False,False,False,False,False,False,False,False,False,False,False,False,False,False,False,False,False,False,False,False,False,False,False,False,False,False,False,False,False,False,False,False
0.30008932452272813,0.6167650544588908,-0.7939963647847581,-0.6893930558635247,0,0,0.5348709431976593,-0.3553554001903861,-0.4415096057953135,0.7701232776489463,5,False,True,False,False,False,False,False,False,False,False,False,False,True,False,False,False,False,False,False,False,False,False,False,False,False,False,False,False,False,False,False,False,False,False,False,False,False,False,False,False,False,False,False,False,False,False,False,False,False,False
0.11536817119953528,0.677414491263948,-0.7939963647847581,-0.452279759441718,0,0,-2.380650859146941,-0.424236060700129,-0.5226413929935021,0.9934449503864172,5,False,True,False,False,False,False,False,False,False,False,False,False,False,False,False,False,False,False,False,False,False,False,False,False,False,False,False,False,False,False,False,False,False,False,False,False,False,True,False,False,False,False,False,False,False,False,False,False,False,False
0.14126698397696247,0.7606539930690537,-0.63472692373615,-0.5708364076526213,1,0,-1.3602182283263313,-0.3750355889074555,-0.8606905063192911,0.9096993231098656,6,False,True,False,False,False,False,False,False,False,False,False,False,False,False,False,False,False,False,False,False,False,False,False,False,False,False,False,False,False,False,False,False,False,False,False,False,False,True,False,False,False,False,False,False,False,False,False,False,False,False
0.08709218524984225,0.6905746509586006,-0.63472692373615,-0.5708364076526213,1,0,-0.37622962003502847,-0.5398571694129116,-1.0229540807156703,0.9096993231098656,6,False,True,False,False,False,False,False,False,False,False,False,False,False,False,False,False,False,False,False,False,False,False,False,False,False,False,False,False,False,False,False,False,False,False,False,False,False,True,False,False,False,False,False,False,False,False,False,False,False,False
0.09738187494945381,0.7897151498260612,-0.63472692373615,-0.5115580835471697,0,0,0.8264231234321197,-0.4488362965964657,-1.0229540807156703,0.8817841140176818,6,False,True,False,False,False,False,False,False,False,False,False,False,False,False,False,False,False,False,False,False,False,False,False,False,False,False,False,False,False,False,False,False,False,False,False,False,False,True,False,False,False,False,False,False,False,False,False,False,False,False
0.1946365553153677,0.7117107295909807,-0.63472692373615,-0.5708364076526213,1,0,0.06109865031666202,-0.45621636736536675,-1.0229540807156703,0.8538689049254978,6,False,True,False,False,False,False,False,False,False,False,False,False,False,False,False,False,False,False,False,False,False,False,False,False,False,False,False,False,False,False,False,False,False,False,False,False,False,True,False,False,False,False,False,False,False,False,False,False,False,False
0.14295878359537453,0.7925859813685959,-0.475457482687542,-0.5708364076526213,0,0,-1.0322220255625643,-0.45621636736536675,-0.5496853220595657,0.825953695833314,6,False,True,False,False,False,False,False,False,False,False,False,False,False,False,False,False,False,False,False,False,False,False,False,False,False,False,False,False,False,False,False,False,False,False,False,False,False,True,False,False,False,False,False,False,False,False,False,False,False,False
0.0830764327540667,0.79011000332666,-0.156918600590326,-0.33372311123081466,1,0,-0.5948937552108737,-0.3725755653178218,-0.5767292511256291,0.825953695833314,6,False,True,False,False,False,False,False,False,False,False,False,False,False,False,False,False,False,False,False,False,False,False,False,False,False,False,False,False,False,False,False,False,False,False,False,False,False,True,False,False,False,False,False,False,False,False,False,False,False,False
0.10453892290039431,0.7129790099946055,-0.156918600590326,-0.15588813891445966,1,0,-0.5948937552108737,-0.2594144801946728,-1.090563903380828,0.7980384867411301,6,False,True,False,False,False,False,False,False,False,False,False,False,False,False,False,False,False,False,False,False,False,False,False,False,False,False,False,False,False,False,False,False,False,False,False,False,False,True,False,False,False,False,False,False,False,False,False,False,False,False
0.13192314439649208,0.7731870145900458,-0.31618804163893405,-0.3930014353362663,1,1,-0.7406698453281039,-0.4291561078793963,-0.9418222935174807,0.7980384867411301,6,False,True,False,False,False,False,False,False,False,False,False,False,False,False,False,False,False,False,False,False,False,False,False,False,False,False,False,False,False,False,False,False,False,False,False,False,False,True,False,False,False,False,False,False,False,False,False,False,False,False
0.09783749259605204,0.7001671250915423,-0.63472692373615,-0.5708364076526213,0,0,-1.1779981156797927,-0.3897957304452575,-1.0229540807156703,0.7701232776489463,6,False,True,False,False,False,False,False,False,False,False,False,False,False,False,False,False,False,False,False,False,False,False,False,False,False,False,False,False,False,False,False,False,False,False,False,False,False,True,False,False,False,False,False,False,False,False,False,False,False,False
0.05798154930937843,0.7408324691133106,-0.156918600590326,0.08122515750734705,1,0,-0.011789394741953068,-0.018332168410572735,-0.7660367545880707,0.7142928594645785,6,False,True,False,False,False,False,False,False,False,False,False,False,False,False,False,False,False,False,False,False,False,False,False,False,False,False,False,False,False,False,False,False,False,False,False,False,False,True,False,False,False,False,False,False,False,False,False,False,False,False
0.18643327425002293,0.766873925120536,-0.475457482687542,-0.5115580835471697,1,0,-0.26689755244710506,-0.5029568155684065,-1.0229540807156703,0.6863776503723946,6,False,True,False,False,False,False,False,False,False,False,False,False,False,False,False,False,False,False,False,False,False,False,False,False,False,False,False,False,False,False,False,False,False,False,False,False,False,True,False,False,False,False,False,False,False,False,False,False,False,False
0.11336094397963402,0.7060573529478449,0.7986980457013221,0.14050348161279871,1,0,0.5348709431976593,0.46137243156799373,-0.8606905063192911,-0.15107862239312125,6,False,True,False,False,False,False,False,False,False,False,False,False,False,False,False,False,False,False,False,False,False,False,False,False,False,False,False,False,False,False,False,False,False,False,False,False,False,True,False,False,False,False,False,False,False,False,False,False,False,False
0.11588306673557454,0.6768753350961983,0.639428604652714,0.2590601298237021,1,0,-1.068666048091871,0.09482891671257627,-0.7660367545880707,-0.15107862239312125,6,False,True,False,False,False,False,False,False,False,False,False,False,False,False,False,False,False,False,False,False,False,False,False,False,False,False,False,False,False,False,False,False,False,False,False,False,False,True,False,False,False,False,False,False,False,False,False,False,False,False
0.10007404303788556,0.7321362545838864,-0.63472692373615,-0.630114731758073,1,0,0.7535350783735029,-0.5054168391580403,-0.3130509427315133,-0.15107862239312125,6,False,True,False,False,False,False,False,False,False,False,False,False,False,False,False,False,False,False,False,False,False,False,False,False,False,False,False,False,False,False,False,False,False,False,False,False,False,True,False,False,False,False,False,False,False,False,False,False,False,False
0.07533525961518213,0.8145349041386798,0.16162028150689,0.19978180571825038,1,0,0.49842692066835254,1.0960585176934816,0.9918186347060323,-0.17899383148530512,3,False,True,False,False,False,False,False,False,False,False,False,False,False,False,False,False,False,False,False,False,False,False,False,False,False,False,False,False,False,False,False,False,False,False,False,False,False,True,False,False,False,False,False,False,False,False,False,False,False,False
0.15632702937810816,0.7899660050955236,0.002350840458282005,0.02194683340189537,1,0,-0.5584497326815654,-0.29385481044954426,-0.8336465772532285,-0.09524820420875353,6,False,True,False,False,False,False,False,False,False,False,False,False,False,False,False,False,False,False,False,False,False,False,False,False,False,False,False,False,False,False,False,False,False,False,False,False,False,True,False,False,False,False,False,False,False,False,False,False,False,False
0.11588306673557454,0.6768753350961983,0.7986980457013221,0.02194683340189537,1,0,-0.15756548485918323,-0.006032050462404365,-0.4820754993944078,-0.011502576932201934,5,False,True,False,False,False,False,False,False,False,False,False,False,False,False,False,False,False,False,False,False,False,False,False,False,False,False,False,False,False,False,False,False,False,False,False,False,False,True,False,False,False,False,False,False,False,False,False,False,False,False
0.11712444093128348,0.6653225975165583,-0.31618804163893405,-0.15588813891445966,1,0,-0.04823341727126142,-0.38733570685562385,0.491505946983865,0.044327841252165795,4,False,True,False,False,False,False,False,False,False,False,False,False,False,False,False,False,False,False,False,False,False,False,False,False,False,False,False,False,False,False,False,False,False,False,False,False,False,True,False,False,False,False,False,False,False,False,False,False,False,False
0.22963517315029744,0.6454359242553963,-0.31618804163893405,-0.15588813891445966,1,0,-0.813557890386719,-0.38733570685562385,-1.0229540807156703,0.15598867762090124,6,False,True,False,False,False,False,False,False,False,False,False,False,False,False,False,False,False,False,False,False,False,False,False,False,False,False,False,False,False,False,False,False,False,False,False,False,False,True,False,False,False,False,False,False,False,False,False,False,False,False
0.07352793301515424,0.6746736538962455,0.320889722555498,-0.09660981480900797,1,0,-0.23045352991779833,-0.2028339376330983,-0.130504421535587,0.4351407685427399,5,False,True,False,False,False,False,False,False,False,False,False,False,False,False,False,False,False,False,False,False,False,False,False,False,False,False,False,False,False,False,False,False,False,False,False,False,False,True,False,False,False,False,False,False,False,False,False,False,False,False
0.11788380367561078,0.7540574736773762,0.002350840458282005,-0.27444478712536297,1,0,-0.41267364256433525,-0.40701589557269324,-1.0229540807156703,0.4909711867271076,6,False,True,False,False,False,False,False,False,False,False,False,False,False,False,False,False,False,False,False,False,False,False,False,False,False,False,False,False,False,False,False,False,False,False,False,False,False,True,False,False,False,False,False,False,False,False,False,False,False,False
0.12437711233891525,0.6978677199334566,-0.63472692373615,-0.452279759441718,1,0,1.11797530366658,-0.03309230994837478,0.031759152860791166,-0.2627394587618567,5,False,True,False,False,False,False,False,False,False,False,False,False,False,False,False,False,False,False,False,False,False,False,False,False,False,False,False,False,False,False,False,False,False,False,False,False,False,True,False,False,False,False,False,False,False,False,False,False,False,False
0.22317950811021317,0.6636177558794276,-0.31618804163893405,-0.5115580835471697,0,0,-1.2873301832677162,-0.48327662685133715,-0.9553442580505125,1.049275368570785,6,False,True,False,False,False,False,False,False,False,False,False,False,False,False,False,False,False,False,False,False,False,False,False,False,False,False,False,False,False,False,False,False,False,False,False,False,False,True,False,False,False,False,False,False,False,False,False,False,False,False
0.17596185671416312,0.7952430988344701,-0.7939963647847581,-0.630114731758073,0,0,-1.7611024761487135,-0.5226370042854759,-1.0229540807156703,1.0771905776629687,6,False,True,False,False,False,False,False,False,False,False,False,False,False,False,False,False,False,False,False,False,False,False,False,False,False,False,False,False,False,False,False,False,False,False,False,False,False,True,False,False,False,False,False,False,False,False,False,False,False,False
0.015532090188239847,1.1348256335592128,0.16162028150689,-0.0373314907035563,1,0,-1.8339905212073286,-0.4020958483934259,-0.7660367545880707,0.9096993231098656,6,False,True,False,False,False,False,True,False,False,False,False,False,False,False,False,False,False,False,False,False,False,False,False,False,False,False,False,False,False,False,False,False,False,False,False,False,False,False,False,False,False,False,False,False,False,False,False,False,False,False
0.0005382456417265685,0.925163600152382,-0.7939963647847581,-0.6893930558635247,0,0,-0.4855616876229503,-0.5546173109507136,-0.6849049673898813,0.7422080685567624,6,False,True,False,False,False,False,True,False,False,False,False,False,False,False,False,False,False,False,False,False,False,False,False,False,False,False,False,False,False,False,False,False,False,False,False,False,False,False,False,False,False,False,False,False,False,False,False,False,False,False
0.08521086945934082,0.873530644555721,-0.475457482687542,-0.5708364076526213,0,0,0.935755191020043,-0.5250970278751096,-0.9959101516496067,0.7980384867411301,6,False,True,False,False,False,False,True,False,False,False,False,False,False,False,False,False,False,False,False,False,False,False,False,False,False,False,False,False,False,False,False,False,False,False,False,False,False,False,False,False,False,False,False,False,False,False,False,False,False,False
-0.12513390877495625,0.8644073063089988,-0.7939963647847581,-0.6893930558635247,0,0,-2.271318791559019,-0.5152569335165749,-0.7525147900550391,0.630547232188027,6,False,True,False,False,False,False,True,False,False,False,False,False,False,False,False,False,False,False,False,False,False,False,False,False,False,False,False,False,False,False,False,False,False,False,False,False,False,False,False,False,False,False,False,False,False,False,False,False,False,False
-0.03680206516887154,0.9977374909011719,1.2765063688471459,0.43689510214005706,1,0,-0.7406698453281039,0.0259482562028334,-0.5632072865925973,0.5747168140036593,6,False,True,False,False,False,False,True,False,False,False,False,False,False,False,False,False,False,False,False,False,False,False,False,False,False,False,False,False,False,False,False,False,False,False,False,False,False,False,False,False,False,False,False,False,False,False,False,False,False,False
-0.03925841975550294,0.921182490493663,0.320889722555498,0.08122515750734705,1,0,-0.011789394741953068,0.17354967158085385,-0.3603778185971239,-0.15107862239312125,5,False,True,False,False,False,False,True,False,False,False,False,False,False,False,False,False,False,False,False,False,False,False,False,False,False,False,False,False,False,False,False,False,False,False,False,False,False,False,False,False,False,False,False,False,False,False,False,False,False,False
-0.013844647226732848,0.9087980337439124,-0.475457482687542,-0.5115580835471697,0,0,-0.26689755244710506,-0.4119359427519606,-0.7119488964559447,-0.12316341330093739,6,False,True,False,False,False,False,True,False,False,False,False,False,False,False,False,False,False,False,False,False,False,False,False,False,False,False,False,False,False,False,False,False,False,False,False,False,False,False,False,False,False,False,False,False,False,False,False,False,False,False
0.010225637369768918,0.8836619704203981,0.639428604652714,1.1482349914054772,1,0,-0.23045352991779833,0.30639094542107226,0.4238961243187072,-0.7931284315133501,4,False,True,False,False,False,False,True,False,False,False,False,False,False,False,False,False,False,False,False,False,False,False,False,False,False,False,False,False,False,False,False,False,False,False,False,False,False,False,False,False,False,False,False,False,False,False,False,False,False,False
0.03339636917684048,0.8488871586909381,0.48015916360410604,-0.09660981480900797,1,0,-0.4491176650936436,-0.05769254584471152,0.045281117393822914,-1.1839413588039243,5,False,True,False,False,False,False,True,False,False,False,False,False,False,False,False,False,False,False,False,False,False,False,False,False,False,False,False,False,False,False,False,False,False,False,False,False,False,False,False,False,False,False,False,False,False,False,False,False,False,False
0.09414841752019636,0.8826588537785457,-0.31618804163893405,-0.5115580835471697,1,0,-0.1940095073884916,-0.2889347632702769,-0.6578610383238177,-0.12316341330093739,6,False,True,False,False,False,False,True,False,False,False,False,False,False,False,False,False,False,False,False,False,False,False,False,False,False,False,False,False,False,False,False,False,False,False,False,False,False,False,False,False,False,False,False,False,False,False,False,False,False,False
0.07203906281388794,0.8623307483077668,0.002350840458282005,-0.21516646301991132,1,0,-0.011789394741953068,-0.29139478685991055,-0.5091194284604713,-0.7931284315133501,5,False,True,False,False,False,False,True,False,False,False,False,False,False,False,False,False,False,False,False,False,False,False,False,False,False,False,False,False,False,False,False,False,False,False,False,False,False,False,False,False,False,False,False,False,False,False,False,False,False,False
0.03361098109774329,0.8480463064406258,0.002350840458282005,-0.0373314907035563,1,0,0.8628671459614263,-0.09213287609958296,-0.7254708609889755,-1.1839413588039243,6,False,True,False,False,False,False,True,False,False,False,False,False,False,False,False,False,False,False,False,False,False,False,False,False,False,False,False,False,False,False,False,False,False,False,False,False,False,False,False,False,False,False,False,False,False,False,False,False,False,False
-0.21796135290158156,0.9754862631765051,-0.475457482687542,-0.5115580835471697,1,0,-0.813557890386719,-0.4512963201860994,-0.7119488964559447,0.3513951412661883,6,False,True,False,False,False,False,True,False,False,False,False,False,False,False,False,False,False,False,False,False,False,False,False,False,False,False,False,False,False,False,False,False,False,False,False,False,False,False,False,False,False,False,False,False,False,False,False,False,False,False
-0.003970768123870471,0.8900493422755287,-0.31618804163893405,-0.21516646301991132,1,0,0.8628671459614263,0.23997030850096304,0.2886764789883916,0.46305597763492373,4,False,True,False,False,False,False,True,False,False,False,False,False,False,False,False,False,False,False,False,False,False,False,False,False,False,False,False,False,False,False,False,False,False,False,False,False,False,False,False,False,False,False,False,False,False,False,False,False,False,False
-0.015394526058739571,0.9104191554792233,-0.63472692373615,-0.5708364076526213,1,0,-0.5948937552108737,-0.4045558719830596,-0.008806740738303138,0.46305597763492373,5,False,True,False,False,False,False,True,False,False,False,False,False,False,False,False,False,False,False,False,False,False,False,False,False,False,False,False,False,False,False,False,False,False,False,False,False,False,False,False,False,False,False,False,False,False,False,False,False,False,False
0.046531397569719794,0.9074600374947633,-0.156918600590326,-0.452279759441718,0,0,0.42553887560973747,-0.3750355889074555,-0.2927679959319661,0.46305597763492373,5,False,True,False,False,False,False,True,False,False,False,False,False,False,False,False,False,False,False,False,False,False,False,False,False,False,False,False,False,False,False,False,False,False,False,False,False,False,False,False,False,False,False,False,False,False,False,False,False,False,False
0.09109495718589082,0.8935567495079227,-0.31618804163893405,-0.09660981480900797,1,0,-1.1051100706211794,-0.38733570685562385,-0.7389928255220073,0.46305597763492373,6,False,True,False,False,False,False,True,False,False,False,False,False,False,False,False,False,False,False,False,False,False,False,False,False,False,False,False,False,False,False,False,False,False,False,False,False,False,False,False,False,False,False,False,False,False,False,False,False,False,False
-0.011952946988444318,0.9390994627919277,-0.475457482687542,-0.5708364076526213,1,0,0.06109865031666202,-0.325835117114782,-0.21163620873377656,0.4909711867271076,5,False,True,False,False,False,False,True,False,False,False,False,False,False,False,False,False,False,False,False,False,False,False,False,False,False,False,False,False,False,False,False,False,False,False,False,False,False,False,False,False,False,False,False,False,False,False,False,False,False,False
0.05382344334187423,0.9152968291774657,-0.475457482687542,-0.452279759441718,1,0,1.5188595514889638,-0.5004967919787728,-0.3130509427315133,0.5188863958192915,6,False,True,False,False,False,False,True,False,False,False,False,False,False,False,False,False,False,False,False,False,False,False,False,False,False,False,False,False,False,False,False,False,False,False,False,False,False,False,False,False,False,False,False,False,False,False,False,False,False,False
0.05115810174355535,0.847776880574754,1.913584133041578,0.7332867226673154,1,1,-0.7771138678574107,0.27933068593510185,-0.6984269319229129,0.5188863958192915,6,False,True,False,False,False,False,True,False,False,False,False,False,False,False,False,False,False,False,False,False,False,False,False,False,False,False,False,False,False,False,False,False,False,False,False,False,False,False,False,False,False,False,False,False,False,False,False,False,False,False
0.0916198044843908,0.8586004939185102,-0.63472692373615,-0.3930014353362663,0,0,-0.8864459354453341,-0.3086149519873463,-0.08993852793649271,0.5188863958192915,5,False,True,False,False,False,False,True,False,False,False,False,False,False,False,False,False,False,False,False,False,False,False,False,False,False,False,False,False,False,False,False,False,False,False,False,False,False,False,False,False,False,False,False,False,False,False,False,False,False,False
-0.011183632481656285,0.8548565399089639,-0.7939963647847581,-0.5708364076526213,0,0,-0.5584497326815654,-0.4488362965964657,-0.5091194284604713,0.9655297412942333,5,False,True,False,False,False,False,True,False,False,False,False,False,False,False,False,False,False,False,False,False,False,False,False,False,False,False,False,False,False,False,False,False,False,False,False,False,False,False,False,False,False,False,False,False,False,False,False,False,False,False
-0.013385568097541989,0.9325912298421667,-0.63472692373615,-0.630114731758073,0,0,0.24331876296319893,-0.4291561078793963,-0.9283003289844489,1.021360159478601,6,False,True,False,False,False,False,True,False,False,False,False,False,False,False,False,False,False,False,False,False,False,False,False,False,False,False,False,False,False,False,False,False,False,False,False,False,False,False,False,False,False,False,False,False,False,False,False,False,False,False
-0.18235221607392127,0.957230149166853,-0.63472692373615,-0.630114731758073,1,0,0.9721992135493498,-0.5472372401818126,-0.6849049673898813,1.021360159478601,6,False,True,False,False,False,False,True,False,False,False,False,False,False,False,False,False,False,False,False,False,False,False,False,False,False,False,False,False,False,False,False,False,False,False,False,False,False,False,False,False,False,False,False,False,False,False,False,False,False,False
-0.2435205076993527,0.9077946126660543,-0.63472692373615,-0.630114731758073,1,0,-1.8339905212073286,-0.5619973817196147,-1.090563903380828,1.1330209958473365,6,False,True,False,False,False,False,True,False,False,False,False,False,False,False,False,False,False,False,False,False,False,False,False,False,False,False,False,False,False,False,False,False,False,False,False,False,False,False,False,False,False,False,False,False,False,False,False,False,False,False
0.26843969109867166,0.631857773923639,1.2765063688471459,0.14050348161279871,1,1,0.024654627787353667,0.3211510869588743,-1.0229540807156703,0.7980384867411301,6,False,True,False,False,False,False,False,False,False,False,False,False,True,False,False,False,False,False,False,False,False,False,False,False,False,False,False,False,False,False,False,False,False,False,False,False,False,False,False,False,False,False,False,False,False,False,False,False,False,False
0.02233563422914149,0.7962465199123283,0.002350840458282005,-0.09660981480900797,1,0,0.06109865031666202,0.21291004901499264,-0.2657240668659026,-0.15107862239312125,5,False,True,False,False,False,False,False,False,False,False,False,False,False,False,False,False,False,False,False,False,False,False,False,False,False,False,False,False,False,False,False,False,False,False,False,False,False,False,False,False,False,False,False,True,False,False,False,False,False,False
-0.026004402898409038,0.7876571624212387,1.2765063688471459,0.7332867226673154,1,0,0.27976278549250727,1.0812983761556796,0.491505946983865,-0.12316341330093739,4,False,True,False,False,False,False,False,False,False,False,False,False,False,False,False,False,False,False,False,False,False,False,False,False,False,False,False,False,False,False,False,False,False,False,False,False,False,False,False,False,False,False,False,True,False,False,False,False,False,False
0.023030526860132683,0.8033861531398403,0.48015916360410604,0.19978180571825038,1,0,-0.26689755244710506,0.013648138254665028,-0.8336465772532285,0.5468016049114753,6,False,True,False,False,False,False,False,False,False,False,False,False,False,False,False,False,False,False,False,False,False,False,False,False,False,False,False,False,False,False,False,False,False,False,False,False,False,False,False,False,False,False,False,True,False,False,False,False,False,False
0.022294529123325597,0.7801503793697221,1.435775809895754,0.8518433708782188,1,0,-1.1051100706211794,0.3088509690107059,-0.49559746392743953,0.630547232188027,5,False,True,False,False,False,False,False,False,False,False,False,False,False,False,False,False,False,False,False,False,False,False,False,False,False,False,False,False,False,False,False,False,False,False,False,False,False,False,False,False,False,False,False,True,False,False,False,False,False,False
0.03935963831775295,0.7931759783494459,0.002350840458282005,-0.21516646301991132,1,0,0.20687474043389217,-0.29139478685991055,-0.6849049673898813,0.6026320230958431,6,False,True,False,False,False,False,False,False,False,False,False,False,False,False,False,False,False,False,False,False,False,False,False,False,False,False,False,False,False,False,False,False,False,False,False,False,False,False,False,False,False,False,False,True,False,False,False,False,False,False
0.01698634556355528,0.8033861531398403,-0.31618804163893405,-0.452279759441718,1,0,-0.9957780030332559,-0.33813523506295035,-0.6443390737907869,0.6026320230958431,6,False,True,False,False,False,False,False,False,False,False,False,False,False,False,False,False,False,False,False,False,False,False,False,False,False,False,False,False,False,False,False,False,False,False,False,False,False,False,False,False,False,False,False,True,False,False,False,False,False,False
0.029099803905523552,0.7915871268308343,0.95796748674993,1.029678343194574,1,1,-0.04823341727126142,1.0640782110282438,-0.3198119249980287,0.4351407685427399,5,False,True,False,False,False,False,False,False,False,False,False,False,False,False,False,False,False,False,False,False,False,False,False,False,False,False,False,False,False,False,False,False,False,False,False,False,False,False,False,False,False,False,False,True,False,False,False,False,False,False
-0.001518307705158079,0.7885582930008675,2.5506618972360102,2.3338014735145105,1,0,0.7899791009028129,4.0210265657679205,2.316971158943126,-0.5977219678680631,1,False,True,False,False,False,False,False,False,False,False,False,False,False,False,False,False,False,False,False,False,False,False,False,False,False,False,False,False,False,False,False,False,False,False,False,False,False,False,False,False,False,False,False,True,False,False,False,False,False,False
0.021832421196862344,0.8108932406273628,-0.63472692373615,-0.5115580835471697,0,0,-0.4491176650936436,-0.49557674479950553,-0.3130509427315133,-0.34648508603840833,6,False,True,False,False,False,False,False,False,False,False,False,False,False,False,False,False,False,False,False,False,False,False,False,False,False,False,False,False,False,False,False,False,False,False,False,False,False,False,False,False,False,False,False,True,False,False,False,False,False,False
0.01115504544658744,0.7987270644943608,0.002350840458282005,0.14050348161279871,1,0,0.49842692066835254,0.926316890008758,0.18050076272413854,-0.5977219678680631,4,False,True,False,False,False,False,False,False,False,False,False,False,False,False,False,False,False,False,False,False,False,False,False,False,False,False,False,False,False,False,False,False,False,False,False,False,False,False,False,False,False,False,False,True,False,False,False,False,False,False
0.024210892425101202,0.7880660199781419,0.95796748674993,1.5039049360381873,1,0,1.0815312811372733,1.3986414192184236,1.857224364820052,-2.6076170225053015,2,False,True,False,False,False,False,False,False,False,False,False,False,False,False,False,False,False,False,False,False,False,False,False,False,False,False,False,False,False,False,False,False,False,False,False,False,False,False,False,False,False,False,False,True,False,False,False,False,False,False
-0.0086355486062526,0.7936311101793612,1.2765063688471459,0.8518433708782188,1,0,0.6077589882562744,0.9459970787258274,0.4779839824508333,-0.23482424966967286,4,False,True,False,False,False,False,False,False,False,False,False,False,False,False,False,False,False,False,False,False,False,False,False,False,False,False,False,False,False,False,False,False,False,False,False,False,False,False,False,False,False,False,False,True,False,False,False,False,False,False
0.012117337608057447,0.8033815865997437,0.48015916360410604,0.19978180571825038,1,0,0.38909485308042907,0.6212739648941825,0.3562863016535494,-1.1839413588039243,4,False,True,False,False,False,False,False,False,False,False,False,False,False,False,False,False,False,False,False,False,False,False,False,False,False,False,False,False,False,False,False,False,False,False,False,False,False,False,False,False,False,False,False,True,False,False,False,False,False,False
-0.0069930751148208296,0.7988987664021,3.506278543527658,2.7487497422526723,1,1,1.3730834613717335,6.01610569696083,3.14181099545805,-2.244719304306911,0,False,True,False,False,False,False,False,False,False,False,False,False,False,False,False,False,False,False,False,False,False,False,False,False,False,False,False,False,False,False,False,False,False,False,False,False,False,False,False,False,False,False,False,True,False,False,False,False,False,False
0.01090581869973068,0.7845354756092416,0.16162028150689,0.6740083985618638,1,0,-0.6313377777401805,0.030868303382100747,1.7490486485558,-0.7372980133289824,2,False,True,False,False,False,False,False,False,False,False,False,False,False,False,False,False,False,False,False,False,False,False,False,False,False,False,False,False,False,False,False,False,False,False,False,False,False,False,False,False,False,False,False,True,False,False,False,False,False,False
-0.0040399977757752965,0.7893202963254624,0.7986980457013221,0.5554517503509604,1,0,0.35265083055112234,1.1772392961513929,-0.3130509427315133,-1.8539063770163369,6,False,True,False,False,False,False,False,False,False,False,False,False,False,False,False,False,False,False,False,False,False,False,False,False,False,False,False,False,False,False,False,False,False,False,False,False,False,False,False,False,False,False,False,True,False,False,False,False,False,False
-0.00796704978005095,0.7716913204894705,1.75431469199297,0.9704000190891222,1,0,-0.23045352991779833,0.6557142951490539,0.2210666563232338,-1.1560261497117403,4,False,True,False,False,False,False,False,False,False,False,False,False,False,False,False,False,False,False,False,False,False,False,False,False,False,False,False,False,False,False,False,False,False,False,False,False,False,False,False,False,False,False,False,True,False,False,False,False,False,False
-0.015772260346942183,0.7732658635157632,1.595045250944362,1.1482349914054772,1,0,-0.3033415749764134,1.8537457833006532,1.2216920317675692,-2.468040977044382,3,False,True,False,False,False,False,False,False,False,False,False,False,False,False,False,False,False,False,False,False,False,False,False,False,False,False,False,False,False,False,False,False,False,False,False,False,False,False,False,False,False,False,False,True,False,False,False,False,False,False
0.00268739364803319,0.6914060656927051,0.002350840458282005,0.14050348161279871,1,0,0.38909485308042907,0.3408312756759437,0.3698082661865802,-1.2676869860804758,4,False,True,False,False,False,False,False,False,False,False,False,False,False,False,False,False,False,False,False,False,False,False,False,False,False,False,False,False,False,False,False,False,False,False,False,False,False,False,False,False,False,False,False,True,False,False,False,False,False,False
-0.0024109375293999515,0.814562912251297,-0.156918600590326,0.9111216949836705,1,0,0.4619828981390442,0.34329129926557733,1.4109995352300109,-1.2118565678961082,3,False,True,False,False,False,False,False,False,False,False,False,False,False,False,False,False,False,False,False,False,False,False,False,False,False,False,False,False,False,False,False,False,False,False,False,False,False,False,False,False,False,False,False,True,False,False,False,False,False,False
0.015855738810893447,0.8046544335434651,0.639428604652714,0.14050348161279871,1,0,0.935755191020043,0.09728894030220994,1.465087393362137,-0.7372980133289824,3,False,True,False,False,False,False,False,False,False,False,False,False,False,False,False,False,False,False,False,False,False,False,False,False,False,False,False,False,False,False,False,False,False,False,False,False,False,False,False,False,False,False,False,True,False,False,False,False,False,False
0.007736398698482952,0.7958282248392176,2.232123015138794,2.630193094041769,1,0,1.4095274839010403,2.173548849953031,2.6009324141367878,-1.6026694951866822,1,False,True,False,False,False,False,False,False,False,False,False,False,False,False,False,False,False,False,False,False,False,False,False,False,False,False,False,False,False,False,False,False,False,False,False,False,False,False,False,False,False,False,False,True,False,False,False,False,False,False
-0.02436841968684536,0.787099740093094,0.48015916360410604,0.14050348161279871,1,0,0.35265083055112234,-0.0503124750758105,1.465087393362137,-1.1839413588039243,3,False,True,False,False,False,False,False,False,False,False,False,False,False,False,False,False,False,False,False,False,False,False,False,False,False,False,False,False,False,False,False,False,False,False,False,False,False,False,False,False,False,False,False,True,False,False,False,False,False,False
-0.00858578979394591,0.7783061060415516,0.48015916360410604,0.7332867226673154,1,0,0.4619828981390442,0.7688753802722029,1.1540822091024114,-0.6814675951446146,3,False,True,False,False,False,False,False,False,False,False,False,False,False,False,False,False,False,False,False,False,False,False,False,False,False,False,False,False,False,False,False,False,False,False,False,False,False,False,False,False,False,False,False,True,False,False,False,False,False,False
-0.04830024497953748,0.7160449850173913,-0.63472692373615,-0.5708364076526213,1,0,-0.9593339805039491,-0.39963582480379223,0.9782966701730005,-1.1281109406195564,3,False,True,False,False,False,False,False,False,False,False,False,False,False,False,False,False,False,False,False,False,False,False,False,False,False,False,False,False,False,False,False,False,False,False,False,False,False,False,False,False,False,False,False,True,False,False,False,False,False,False
0.012019983410066767,0.7743158633026395,-0.63472692373615,-0.3930014353362663,1,0,0.6806470333148894,-0.2028339376330983,-0.2792460313989344,-1.9655672133850723,5,False,True,False,False,False,False,False,False,False,False,False,False,False,False,False,False,False,False,False,False,False,False,False,False,False,False,False,False,False,False,False,False,False,False,False,False,False,False,False,False,False,False,False,True,False,False,False,False,False,False
-0.014633432573115945,0.7905882722930814,-0.475457482687542,-0.5115580835471697,1,0,-1.1051100706211794,-0.4709765089031688,-1.0229540807156703,-0.17899383148530512,6,False,True,False,False,False,False,False,False,False,False,False,False,False,False,False,False,False,False,False,False,False,False,False,False,False,False,False,False,False,False,False,False,False,False,False,False,False,False,False,False,False,False,False,True,False,False,False,False,False,False
-0.009932739208809936,0.7554697523121374,0.320889722555498,0.49617342624550875,1,0,-0.011789394741953068,0.5007328090021325,1.5462191805603265,-1.2397717769882919,2,False,True,False,False,False,False,False,False,False,False,False,False,False,False,False,False,False,False,False,False,False,False,False,False,False,False,False,False,False,False,False,False,False,False,False,False,False,False,False,False,False,False,False,True,False,False,False,False,False,False
-0.004964646314022037,0.79112255748472,-0.63472692373615,0.14050348161279871,1,0,1.8832997767820374,-0.21759407917090035,0.2616325499223281,-1.5189238679101307,4,False,True,False,False,False,False,False,False,False,False,False,False,False,False,False,False,False,False,False,False,False,False,False,False,False,False,False,False,False,False,False,False,False,False,False,False,False,False,False,False,False,False,False,True,False,False,False,False,False,False
-0.0165943624633093,0.7949316607996854,-0.475457482687542,-0.15588813891445966,1,0,1.2273073712545033,-0.12411318276482072,-0.11698245700255525,-0.5698067587758793,5,False,True,False,False,False,False,False,False,False,False,False,False,False,False,False,False,False,False,False,False,False,False,False,False,False,False,False,False,False,False,False,False,False,False,False,False,False,False,False,False,False,False,False,True,False,False,False,False,False,False
0.0013010698686465082,0.8088121160860343,-0.475457482687542,-0.5115580835471697,1,0,2.174851957016498,-0.4783565796720698,2.249361336277968,-1.4072630315413952,1,False,True,False,False,False,False,False,False,False,False,False,False,False,False,False,False,False,False,False,False,False,False,False,False,False,False,False,False,False,False,False,False,False,False,False,False,False,False,False,False,False,False,False,True,False,False,False,False,False,False
0.013625678648924963,0.8022621754033576,1.75431469199297,1.4446266119327356,1,0,-0.26689755244710506,2.3334503832792195,0.9647747056399697,-2.52387139522875,3,False,True,False,False,False,False,False,False,False,False,False,False,False,False,False,False,False,False,False,False,False,False,False,False,False,False,False,False,False,False,False,False,False,False,False,False,False,False,False,False,False,False,False,True,False,False,False,False,False,False
0.03296065505516677,0.7944625249134657,0.7986980457013221,0.5554517503509604,1,0,-0.04823341727126142,0.18338976593938855,-0.23868013779984007,-1.2397717769882919,5,False,True,False,False,False,False,False,False,False,False,False,False,False,False,False,False,False,False,False,False,False,False,False,False,False,False,False,False,False,False,False,False,False,False,False,False,False,False,False,False,False,False,False,True,False,False,False,False,False,False
0.05052897728187328,0.7760995538654876,1.75431469199297,1.4446266119327356,1,0,-0.4491176650936436,0.8229958992441437,0.09936897552594898,-1.3235174042648437,5,False,True,False,False,False,False,False,False,False,False,False,False,False,False,False,False,False,False,False,False,False,False,False,False,False,False,False,False,False,False,False,False,False,False,False,False,False,False,False,False,False,False,False,True,False,False,False,False,False,False
0.007569814848587445,0.7670599355205938,-0.31618804163893405,-0.5115580835471697,1,0,-0.9228899579746408,-0.3725755653178218,-0.6849049673898813,-1.6305847042788661,6,False,True,False,False,False,False,False,False,False,False,False,False,False,False,False,False,False,False,False,False,False,False,False,False,False,False,False,False,False,False,False,False,False,False,False,False,False,False,False,False,False,False,False,True,False,False,False,False,False,False
0.02170867319408212,0.7972079288212737,0.95796748674993,0.7332867226673154,1,0,-0.6313377777401805,0.45891240797836,-0.2522021023328709,-1.9655672133850723,5,False,True,False,False,False,False,False,False,False,False,False,False,False,False,False,False,False,False,False,False,False,False,False,False,False,False,False,False,False,False,False,False,False,False,False,False,False,False,False,False,False,False,False,True,False,False,False,False,False,False
-0.022161724532394025,0.7667067897529021,-0.63472692373615,0.2590601298237021,1,0,0.49842692066835254,-0.09951294686848398,0.2751545144553599,-0.9885348951586371,4,False,True,False,False,False,False,False,False,False,False,False,False,False,False,False,False,False,False,False,False,False,False,False,False,False,False,False,False,False,False,False,False,False,False,False,False,False,False,False,False,False,False,False,True,False,False,False,False,False,False
-0.011472666278359009,0.694472040715491,1.75431469199297,2.867306390463576,1,1,0.35265083055112234,5.071456638541499,2.0059659746833995,-2.3842953497678305,2,False,True,False,False,False,False,False,False,False,False,False,False,False,False,False,False,False,False,False,False,False,False,False,False,False,False,False,False,False,False,False,False,False,False,False,False,False,False,False,False,False,False,False,True,False,False,False,False,False,False
-0.13228749524330102,0.6553724110758281,6.054589600305387,6.364727512685224,1,0,-0.04823341727126142,2.93615616273947,0.045281117393822914,-0.6814675951446146,5,False,True,False,False,False,False,False,False,False,False,False,False,False,False,False,False,False,False,False,False,False,True,False,False,False,False,False,False,False,False,False,False,False,False,False,False,False,False,False,False,False,False,False,False,False,False,False,False,False,False
0.012219451344616836,0.7895897221913344,-0.63472692373615,-0.15588813891445966,1,0,0.316206808021814,-0.45375634377573304,2.425146875207378,-1.5189238679101307,1,False,True,False,False,False,False,False,False,False,False,False,False,False,False,False,False,False,False,False,False,False,False,False,False,False,False,False,False,False,False,False,False,False,False,False,False,False,False,False,False,False,False,False,True,False,False,False,False,False,False
0.03935963831775295,0.7917914033912873,0.002350840458282005,0.43689510214005706,1,0,0.49842692066835254,0.889416536164253,0.07232504645988642,-1.3514326133570274,5,False,True,False,False,False,False,False,False,False,False,False,False,False,False,False,False,False,False,False,False,False,False,False,False,False,False,False,False,False,False,False,False,False,False,False,False,False,False,False,False,False,False,False,True,False,False,False,False,False,False
-0.024619377174998434,0.667301431559666,-0.475457482687542,-0.27444478712536297,1,0,-0.8864459354453341,-0.34059525865258405,-0.9147783644514181,-0.206909040577489,6,False,True,False,False,False,False,False,False,False,False,False,False,False,False,False,False,False,False,False,False,False,False,False,False,False,False,False,False,False,False,False,False,False,False,False,False,False,False,False,False,False,False,False,True,False,False,False,False,False,False
0.015576656776654521,0.8025593049458323,-0.63472692373615,-0.630114731758073,1,0,1.26375139378381,-0.4512963201860994,1.681438825890642,-2.244719304306911,2,False,True,False,False,False,False,False,False,False,False,False,False,False,False,False,False,False,False,False,False,False,False,False,False,False,False,False,False,False,False,False,False,False,False,False,False,False,False,False,False,False,False,False,True,False,False,False,False,False,False
-0.0011994186210731851,0.801170467883583,-0.63472692373615,-0.5115580835471697,1,0,1.7010796641355006,-0.4586763909550004,2.2899272298770623,-1.3793478224492113,1,False,True,False,False,False,False,False,False,False,False,False,False,False,False,False,False,False,False,False,False,False,False,False,False,False,False,False,False,False,False,False,False,False,False,False,False,False,False,False,False,False,False,False,True,False,False,False,False,False,False
0.019292125657296683,0.7527383524606425,-0.475457482687542,-0.15588813891445966,1,0,0.42553887560973747,0.5056528561813999,1.2487359608336317,-1.4630934497257628,3,False,True,False,False,False,False,False,False,False,False,False,False,False,False,False,False,False,False,False,False,False,False,False,False,False,False,False,False,False,False,False,False,False,False,False,False,False,False,False,False,False,False,False,True,False,False,False,False,False,False
0.0134275087703479,0.7918379821003054,-0.31618804163893405,-0.15588813891445966,1,0,1.7375236866648074,-0.4586763909550004,1.343389712564853,-1.9655672133850723,3,False,True,False,False,False,False,False,False,False,False,False,False,False,False,False,False,False,False,False,False,False,False,False,False,False,False,False,False,False,False,False,False,False,False,False,False,False,False,False,False,False,False,False,True,False,False,False,False,False,False
0.03610973884616667,0.8182465879315268,0.7986980457013221,1.3853482878272838,1,0,-0.4855616876229503,0.34329129926557733,0.8430770248426849,-0.8768740587899018,3,False,True,False,False,False,False,False,False,False,False,False,False,False,False,False,False,False,False,False,False,False,False,False,False,False,False,False,False,False,False,False,False,False,False,False,False,False,False,False,False,False,False,False,True,False,False,False,False,False,False
-0.010612920538771699,0.7651319422905949,0.95796748674993,2.274523149409059,1,0,0.4619828981390442,1.4207816315251265,0.5726377341820537,-2.216804095214727,4,False,True,False,False,False,False,False,False,False,False,False,False,False,False,False,False,False,False,False,False,False,False,False,False,False,False,False,False,False,False,False,False,False,False,False,False,False,False,False,False,False,False,False,True,False,False,False,False,False,False
-0.01172016228391638,0.6899846539777507,-0.31618804163893405,-0.21516646301991132,1,0,0.024654627787353667,-0.060152569434345195,0.6943354149793385,-2.52387139522875,4,False,True,False,False,False,False,False,False,False,False,False,False,False,False,False,False,False,False,False,False,False,False,False,False,False,False,False,False,False,False,False,False,False,False,False,False,False,False,False,False,False,False,False,True,False,False,False,False,False,False
0.01479609245143276,0.7984482011122812,1.75431469199297,2.274523149409059,1,0,0.1339866953752771,2.1932290386701,1.911312222952179,-2.495956186136566,2,False,True,False,False,False,False,False,False,False,False,False,False,False,False,False,False,False,False,False,False,False,False,False,False,False,False,False,False,False,False,False,False,False,False,False,False,False,False,False,False,False,False,False,True,False,False,False,False,False,False
-0.04116483129481782,0.7934359666991101,0.48015916360410604,0.43689510214005706,1,0,0.6077589882562744,0.07514872799550688,0.6808134504463067,-1.2676869860804758,4,False,True,False,False,False,False,False,False,False,False,False,False,False,False,False,False,False,False,False,False,False,False,False,False,False,False,False,False,False,False,False,False,False,False,False,False,False,False,False,False,False,False,False,True,False,False,False,False,False,False
0.02551976553141865,0.8013144661147195,5.098972954013739,4.052872872572609,1,1,0.06109865031666202,4.018566542178287,1.0999943509702854,-1.8818215861085208,3,False,True,False,False,False,False,False,False,False,False,False,False,False,False,False,False,False,False,False,False,False,False,False,False,False,False,False,False,False,False,False,False,False,False,False,False,False,False,False,False,False,False,False,True,False,False,False,False,False,False
-0.007848061315839433,0.785636620645224,-0.63472692373615,-0.3930014353362663,1,0,1.1908633487251934,-0.22497414993980136,-1.090563903380828,-0.45814592240714375,6,False,True,False,False,False,False,False,False,False,False,False,False,False,False,False,False,False,False,False,False,False,False,False,False,False,False,False,False,False,False,False,False,False,False,False,False,False,False,False,False,False,False,False,True,False,False,False,False,False,False
0.011229034637057898,0.799642199130294,-0.156918600590326,-0.15588813891445966,1,0,-0.5220057101522587,-0.10935304122701868,-0.3130509427315133,-1.1839413588039243,6,False,True,False,False,False,False,False,False,False,False,False,False,False,False,False,False,False,False,False,False,False,False,False,False,False,False,False,False,False,False,False,False,False,False,False,False,False,False,False,False,False,False,False,True,False,False,False,False,False,False
0.011255428441847438,0.7972450700140754,5.417511836110955,8.083798911743322,1,1,-0.37622962003502847,8.434308885570731,0.5726377341820537,-2.272634513399095,4,False,True,False,False,False,False,False,False,False,False,False,False,False,False,False,False,False,False,False,False,False,False,False,False,False,False,False,False,False,False,False,False,False,False,False,False,False,False,False,False,False,False,False,True,False,False,False,False,False,False
0.02419747918004478,0.8036555790057122,-0.63472692373615,-0.630114731758073,1,0,0.6442030107855827,-0.5054168391580403,3.6421236831802184,-1.8539063770163369,0,False,True,False,False,False,False,False,False,False,False,False,False,False,False,False,False,False,False,False,False,False,False,False,False,False,False,False,False,False,False,False,False,False,False,False,False,False,False,False,False,False,False,False,True,False,False,False,False,False,False
0.014132353163799814,0.7999301955925667,-0.31618804163893405,-0.5115580835471697,1,0,-2.380650859146941,-0.49557674479950553,0.437418088851738,-1.7701607497397853,4,False,True,False,False,False,False,False,False,False,False,False,False,False,False,False,False,False,False,False,False,False,False,False,False,False,False,False,False,False,False,False,False,False,False,False,False,False,False,False,False,False,False,False,True,False,False,False,False,False,False
0.044223886734682076,0.7276211641695435,-0.475457482687542,-0.5115580835471697,1,0,0.17043071790458383,-0.3725755653178218,-0.41446567672925,-0.6814675951446146,5,False,True,False,False,False,False,False,False,False,False,False,False,False,False,False,False,False,False,False,False,False,False,False,False,False,False,False,False,False,False,False,False,False,False,False,False,False,False,False,False,False,False,False,True,False,False,False,False,False,False
0.02189992010746778,0.7922794143099137,0.639428604652714,1.3260699637218323,1,1,1.0086432360786566,1.258420074609304,1.3839556061639473,-1.9655672133850723,3,False,True,False,False,False,False,False,False,False,False,False,False,False,False,False,False,False,False,False,False,False,False,False,False,False,False,False,False,False,False,False,False,False,False,False,False,False,False,False,False,False,False,False,True,False,False,False,False,False,False
0.004841301192908519,0.7525386424402862,-0.63472692373615,-0.33372311123081466,1,0,0.6806470333148894,-0.05769254584471152,-1.0229540807156703,-1.3514326133570274,6,False,True,False,False,False,False,False,False,False,False,False,False,False,False,False,False,False,False,False,False,False,False,False,False,False,False,False,False,False,False,False,False,False,False,False,False,False,False,False,False,False,False,False,True,False,False,False,False,False,False
-0.01890836357821204,0.7706413207026029,0.48015916360410604,0.19978180571825038,1,0,0.7899791009028129,0.3580514408033794,-0.41446567672925,-0.821043640605534,5,False,True,False,False,False,False,False,False,False,False,False,False,False,False,False,False,False,False,False,False,False,False,False,False,False,False,False,False,False,False,False,False,False,False,False,False,False,False,False,False,False,False,False,True,False,False,False,False,False,False
0.00915776998914382,0.7333393856820923,-0.63472692373615,-0.5708364076526213,1,0,0.5713149657269676,-0.49557674479950553,-0.9959101516496067,-1.7143303315554177,6,False,True,False,False,False,False,False,False,False,False,False,False,False,False,False,False,False,False,False,False,False,False,False,False,False,False,False,False,False,False,False,False,False,False,False,False,False,False,False,False,False,False,False,True,False,False,False,False,False,False
0.008886908976069302,0.784019761014004,-0.156918600590326,-0.09660981480900797,1,0,0.9721992135493498,-0.2298941971190687,-0.2522021023328709,-0.17899383148530512,5,False,True,False,False,False,False,False,False,False,False,False,False,False,False,False,False,False,False,False,False,False,False,False,False,False,False,False,False,False,False,False,False,False,False,False,False,False,False,False,False,False,False,False,True,False,False,False,False,False,False
0.013140638400267872,0.7983879227829733,4.621164630867915,3.6379246038344473,1,1,0.27976278549250727,4.933695317522013,2.1141416909476525,-1.8818215861085208,2,False,True,False,False,False,False,False,False,False,False,False,False,False,False,False,False,False,False,False,False,False,False,False,False,False,False,False,False,False,False,False,False,False,False,False,False,False,False,False,False,False,False,False,True,False,False,False,False,False,False
-0.020446992591785035,0.7896965792296603,-0.63472692373615,-0.5115580835471697,1,0,0.316206808021814,-0.22497414993980136,1.7490486485558,-0.821043640605534,2,False,True,False,False,False,False,False,False,False,False,False,False,False,False,False,False,False,False,False,False,False,False,False,False,False,False,False,False,False,False,False,False,False,False,False,False,False,False,False,False,False,False,False,True,False,False,False,False,False,False
0.03097333136018695,0.7757789827505096,0.002350840458282005,0.02194683340189537,1,0,0.5348709431976593,0.25719047362839875,1.7490486485558,-1.3793478224492113,2,False,True,False,False,False,False,False,False,False,False,False,False,False,False,False,False,False,False,False,False,False,False,False,False,False,False,False,False,False,False,False,False,False,False,False,False,False,False,False,False,False,False,False,True,False,False,False,False,False,False
-0.02975448660500515,0.7709201840846739,0.48015916360410604,0.7332867226673154,1,0,0.24331876296319893,0.39249177105825084,0.9512527411069379,-1.1560261497117403,3,False,True,False,False,False,False,False,False,False,False,False,False,False,False,False,False,False,False,False,False,False,False,False,False,False,False,False,False,False,False,False,False,False,False,False,False,False,False,False,False,False,False,False,True,False,False,False,False,False,False
0.032872819934313506,0.7773955379457151,-0.31618804163893405,-0.0373314907035563,1,0,0.17043071790458383,-0.3455153058318514,-1.090563903380828,-1.1560261497117403,6,False,True,False,False,False,False,False,False,False,False,False,False,False,False,False,False,False,False,False,False,False,False,False,False,False,False,False,False,False,False,False,False,False,False,False,False,False,False,False,False,False,False,False,True,False,False,False,False,False,False
0.014020287664779705,0.8045521430452444,3.187739661430442,3.1044196868853824,1,0,0.7170910558441962,6.220287654900425,2.3981029461413144,-1.8818215861085208,1,False,True,False,False,False,False,False,False,False,False,False,False,False,False,False,False,False,False,False,False,False,False,False,False,False,False,False,False,False,False,False,False,False,False,False,False,False,False,False,False,False,False,False,True,False,False,False,False,False,False
-0.01236226730532849,0.7952196572619581,1.1172369277985381,0.9111216949836705,1,0,0.316206808021814,1.8193054530457817,1.5056532869612322,-1.8818215861085208,2,False,True,False,False,False,False,False,False,False,False,False,False,False,False,False,False,False,False,False,False,False,False,False,False,False,False,False,False,False,False,False,False,False,False,False,False,False,False,False,False,False,False,False,True,False,False,False,False,False,False
0.05020403060324667,0.7268545943048433,-0.63472692373615,-0.5115580835471697,1,0,0.42553887560973747,-0.15117344225079113,1.0188625637720958,-1.9097367952007047,3,False,True,False,False,False,False,False,False,False,False,False,False,False,False,False,False,False,False,False,False,False,False,False,False,False,False,False,False,False,False,False,False,False,False,False,False,False,False,False,False,False,False,False,True,False,False,False,False,False,False
0.027863621933706634,0.787304016653547,2.869200779333226,2.452358121725414,1,0,1.0086432360786566,3.8734251503898998,2.371059017075252,-0.5977219678680631,1,False,True,False,False,False,False,False,False,False,False,False,False,False,False,False,False,False,False,False,False,False,False,False,False,False,False,False,False,False,False,False,False,False,False,False,False,False,False,False,False,False,False,False,True,False,False,False,False,False,False
-0.01916754208752952,0.7931896779697443,1.595045250944362,1.207513315510929,1,0,-0.1940095073884916,0.8992566305227876,-0.10346049246952445,-1.8539063770163369,5,False,True,False,False,False,False,False,False,False,False,False,False,False,False,False,False,False,False,False,False,False,False,False,False,False,False,False,False,False,False,False,False,False,False,False,False,False,False,False,False,False,False,False,True,False,False,False,False,False,False
0.019373037812958547,0.7926322556415996,4.621164630867915,4.8234910859434805,1,1,1.1908633487251934,9.947223393195442,3.0606792082598617,-1.9097367952007047,0,False,True,False,False,False,False,False,False,False,False,False,False,False,False,False,False,False,False,False,False,False,False,False,False,False,False,False,False,False,False,False,False,False,False,False,False,False,False,False,False,False,False,False,True,False,False,False,False,False,False
0.01962572604241101,0.7983413440739553,-0.7939963647847581,-0.6893930558635247,1,0,4.3250492862456404,-0.5792175468470504,-0.3130509427315133,0.6863776503723946,6,False,True,False,False,False,False,False,False,False,False,False,False,False,False,False,False,False,False,False,False,False,False,False,False,False,False,False,False,False,False,False,False,False,False,False,False,False,False,False,False,False,False,False,True,False,False,False,False,False,False
0.017971570047219124,0.7898917227099115,-0.63472692373615,-0.5115580835471697,1,0,1.3730834613717335,-0.1905338196849299,0.2616325499223281,0.7701232776489463,4,False,True,False,False,False,False,False,False,False,False,False,False,False,False,False,False,False,False,False,False,False,False,False,False,False,False,False,False,False,False,False,False,False,False,False,False,False,False,False,False,False,False,False,True,False,False,False,False,False,False
0.011357974863730136,0.7852649042811313,-0.63472692373615,-0.5708364076526213,0,0,0.6806470333148894,-0.5792175468470504,-0.3130509427315133,1.3842578776769914,6,False,True,False,False,False,False,False,False,False,False,False,False,False,False,False,False,False,False,False,False,False,False,False,False,False,False,False,False,False,False,False,False,False,False,False,False,False,False,False,False,False,False,False,True,False,False,False,False,False,False
-0.00037601844873613846,0.8202765672237493,-0.7939963647847581,-0.630114731758073,0,0,0.024654627787353667,-0.34428529403703456,-0.8877344353853547,1.3842578776769914,6,False,True,False,False,False,False,False,False,False,False,False,False,False,False,False,False,False,False,False,False,False,False,False,False,False,False,False,False,False,False,False,False,False,False,False,False,False,False,False,False,False,False,False,True,False,False,False,False,False,False
0.019958893742198947,0.8235516897830819,-0.7939963647847581,-0.6893930558635247,0,0,-1.1415540931504862,-0.5767575232574168,-1.090563903380828,1.3842578776769914,6,False,True,False,False,False,False,False,False,False,False,False,False,False,False,False,False,False,False,False,False,False,False,False,False,False,False,False,False,False,False,False,False,False,False,False,False,False,False,False,False,False,False,False,True,False,False,False,False,False,False
0.007114197201992288,0.808226685645281,-0.7939963647847581,-0.6893930558635247,1,0,0.024654627787353667,-0.34428529403703456,-0.3130509427315133,1.3005122504004396,6,False,True,False,False,False,False,False,False,False,False,False,False,False,False,False,False,False,False,False,False,False,False,False,False,False,False,False,False,False,False,False,False,False,False,False,False,False,False,False,False,False,False,False,True,False,False,False,False,False,False
0.011357974863730136,0.7852649042811313,-0.63472692373615,-0.630114731758073,0,1,-0.1211214623298765,-0.08721282892031561,-0.3130509427315133,1.3284274594926235,6,False,True,False,False,False,False,False,False,False,False,False,False,False,False,False,False,False,False,False,False,False,False,False,False,False,False,False,False,False,False,False,False,False,False,False,False,False,False,False,False,False,False,False,True,False,False,False,False,False,False
0.011357974863730136,0.7852649042811313,-0.7939963647847581,-0.5115580835471697,0,0,0.6806470333148894,-0.5718374760781494,-0.3130509427315133,1.3563426685848075,6,False,True,False,False,False,False,False,False,False,False,False,False,False,False,False,False,False,False,False,False,False,False,False,False,False,False,False,False,False,False,False,False,False,False,False,False,False,False,False,False,False,False,False,True,False,False,False,False,False,False
-0.01609417822829947,0.7231429105119963,-0.156918600590326,-0.0373314907035563,1,0,-0.26689755244710506,-0.16101353660932582,-0.17107031513468227,0.6026320230958431,5,False,True,False,False,False,False,False,False,False,False,False,False,False,False,False,False,False,False,False,False,False,False,False,False,False,False,False,False,False,False,False,False,False,False,False,False,False,False,False,False,False,False,False,True,False,False,False,False,False,False
0.017275379360258,0.7355876455910634,0.48015916360410604,-0.09660981480900797,1,0,-0.23045352991779833,0.3826516766997161,-0.4009437121962182,-0.4302307133149599,5,False,True,False,False,False,False,False,False,False,False,False,False,False,False,False,False,False,False,False,False,False,False,False,False,False,False,False,False,False,False,False,False,False,False,False,False,False,False,False,False,False,False,False,True,False,False,False,False,False,False
-0.03587958005724442,0.6962000194891277,0.48015916360410604,-0.33372311123081466,1,0,-0.04823341727126142,0.6999947197624601,-0.49559746392743953,-0.12316341330093739,5,False,True,False,False,False,False,False,False,False,False,False,False,False,False,False,False,False,False,False,False,False,False,False,False,False,False,False,False,False,False,False,False,False,False,False,False,False,False,False,False,False,False,False,True,False,False,False,False,False,False
0.029035333792187434,0.6978768530136584,-0.475457482687542,-0.0373314907035563,1,0,1.0086432360786566,-0.14133334789225643,-0.5496853220595657,-1.2397717769882919,6,False,True,False,False,False,False,False,False,False,False,False,False,False,False,False,False,False,False,False,False,False,False,False,False,False,False,False,False,False,False,False,False,False,False,False,False,False,False,False,False,False,False,False,True,False,False,False,False,False,False
0.00915776998914382,0.7333393856820923,-0.63472692373615,-0.3930014353362663,1,0,2.2477400020751115,-0.07491271097214725,3.371684392519587,-0.4860611314993276,0,False,True,False,False,False,False,False,False,False,False,False,False,False,False,False,False,False,False,False,False,False,False,False,False,False,False,False,False,False,False,False,False,False,False,False,False,False,False,False,False,False,False,False,True,False,False,False,False,False,False
0.0012201577129846452,0.7496955145743628,-0.475457482687542,-0.0373314907035563,1,0,0.38909485308042907,-0.10443299404775133,-0.4550315703283443,-0.6814675951446146,5,False,True,False,False,False,False,False,False,False,False,False,False,False,False,False,False,False,False,False,False,False,False,False,False,False,False,False,False,False,False,False,False,False,False,False,False,False,False,False,False,False,False,False,True,False,False,False,False,False,False
0.01958591899256504,0.747103546413899,0.48015916360410604,0.3776167780346054,1,0,0.49842692066835254,0.7934756161685397,1.3839556061639473,-1.2676869860804758,3,False,True,False,False,False,False,False,False,False,False,False,False,False,False,False,False,False,False,False,False,False,False,False,False,False,False,False,False,False,False,False,False,False,False,False,False,False,False,False,False,False,False,False,True,False,False,False,False,False,False
-0.042395821042742726,0.7142704275347365,1.595045250944362,1.207513315510929,1,1,-0.1211214623298765,0.6360341064319845,0.3968521952526437,-0.7093828042367986,4,False,True,False,False,False,False,False,False,False,False,False,False,False,False,False,False,False,False,False,False,False,False,False,False,False,False,False,False,False,False,False,False,False,False,False,False,False,False,False,False,False,False,False,True,False,False,False,False,False,False
0.02429180458076614,0.7144004217095686,-0.156918600590326,-0.15588813891445966,1,0,1.0815312811372733,0.3629714879826467,0.9377307765739062,-1.9655672133850723,3,False,True,False,False,False,False,False,False,False,False,False,False,False,False,False,False,False,False,False,False,False,False,False,False,False,False,False,False,False,False,False,False,False,False,False,False,False,False,False,False,False,False,False,True,False,False,False,False,False,False
0.04070831847391329,0.7902680056141094,2.869200779333226,2.630193094041769,1,1,-0.37622962003502847,2.2055291566182684,-0.022328705271334893,-0.12316341330093739,5,False,True,False,False,False,False,False,False,False,False,False,False,False,False,False,False,False,False,False,False,False,False,False,False,False,False,False,False,False,False,False,False,False,False,False,False,False,False,False,False,False,False,False,True,False,False,False,False,False,False
0.015030607897257013,0.7214009276820553,0.320889722555498,-0.09660981480900797,1,0,0.20687474043389217,0.2522704264491314,0.7619452376444963,-1.9655672133850723,4,False,True,False,False,False,False,False,False,False,False,False,False,False,False,False,False,False,False,False,False,False,False,False,False,False,False,False,False,False,False,False,False,False,False,False,False,False,False,False,False,False,False,False,True,False,False,False,False,False,False
0.010274963496752299,0.7029822448448572,-0.7939963647847581,-0.6893930558635247,0,0,-0.04823341727126142,-0.3061549283977126,-1.0229540807156703,-0.23482424966967286,6,False,True,False,False,False,False,False,False,False,False,False,False,False,False,False,False,False,False,False,False,False,False,False,False,False,False,False,False,False,False,False,False,False,False,False,False,False,False,False,False,False,False,False,True,False,False,False,False,False,False
0.00915776998914382,0.7333393856820923,-0.63472692373615,-0.5708364076526213,1,0,-3.473971535026167,-0.5767575232574168,-0.3130509427315133,-0.7372980133289824,6,False,True,False,False,False,False,False,False,False,False,False,False,False,False,False,False,False,False,False,False,False,False,False,False,False,False,False,False,False,False,False,False,False,False,False,False,False,False,False,False,False,False,False,True,False,False,False,False,False,False
-0.020758958710681598,0.6745156516088048,-0.63472692373615,-0.5708364076526213,1,0,0.17043071790458383,-0.37995563608672284,-0.3062899604649979,-0.12316341330093739,5,False,True,False,False,False,False,False,False,False,False,False,False,False,False,False,False,False,False,False,False,False,False,False,False,False,False,False,False,False,False,False,False,False,False,False,False,False,False,False,False,False,False,False,True,False,False,False,False,False,False
-0.0027034328086953043,0.7506292198066967,-0.63472692373615,-0.630114731758073,1,0,1.956187821840651,-0.36765551813855446,-1.090563903380828,-0.4302307133149599,6,False,True,False,False,False,False,False,False,False,False,False,False,False,False,False,False,False,False,False,False,False,False,False,False,False,False,False,False,False,False,False,False,False,False,False,False,False,False,False,False,False,False,False,True,False,False,False,False,False,False
0.015827614264807593,0.7391739017491836,-0.475457482687542,-0.33372311123081466,1,0,0.7899791009028129,-0.23235422070870237,-0.3130509427315133,-2.495956186136566,6,False,True,False,False,False,False,False,False,False,False,False,False,False,False,False,False,False,False,False,False,False,False,False,False,False,False,False,False,False,False,False,False,False,False,False,False,False,False,False,False,False,False,False,True,False,False,False,False,False,False
-0.014726027232537919,0.8123146523423259,4.461895189819306,1.9781315288818007,1,1,-0.41267364256433525,0.6778545074557569,0.5861596987150854,-0.15107862239312125,4,False,True,False,False,False,False,False,False,False,False,False,False,False,False,False,False,False,False,False,False,False,False,False,False,False,False,False,False,False,False,False,False,False,False,False,False,False,False,False,False,False,False,False,True,False,False,False,False,False,False
0.027195123107504982,0.7094484656257053,0.002350840458282005,0.49617342624550875,1,1,0.7170910558441962,-0.01587214482093906,0.6267255923141807,-1.1560261497117403,4,False,True,False,False,False,False,False,False,False,False,False,False,False,False,False,False,False,False,False,False,False,False,False,False,False,False,False,False,False,False,False,False,False,False,False,False,False,False,False,False,False,False,False,True,False,False,False,False,False,False
-0.00850314689698466,0.6974171546436378,1.595045250944362,0.7332867226673154,1,1,-0.23045352991779833,0.5376331628466376,0.4238961243187072,-0.17899383148530512,4,False,True,False,False,False,False,False,False,False,False,False,False,False,False,False,False,False,False,False,False,False,False,False,False,False,False,False,False,False,False,False,False,False,False,False,False,False,False,False,False,False,False,False,True,False,False,False,False,False,False
-0.03970235489833798,0.7139824310724637,-0.31618804163893405,-0.21516646301991132,1,0,-0.813557890386719,-0.22497414993980136,-0.9012563999183865,-0.12316341330093739,6,False,True,False,False,False,False,False,False,False,False,False,False,False,False,False,False,False,False,False,False,False,False,False,False,False,False,False,False,False,False,False,False,False,False,False,False,False,False,False,False,False,False,False,True,False,False,False,False,False,False
0.005316822364425123,0.744943572946853,0.16162028150689,0.9111216949836705,1,0,-0.15756548485918323,0.2448903556802304,0.2886764789883916,-0.011502576932201934,4,False,True,False,False,False,False,False,False,False,False,False,False,False,False,False,False,False,False,False,False,False,False,False,False,False,False,False,False,False,False,False,False,False,False,False,False,False,False,False,False,False,False,False,True,False,False,False,False,False,False
0.009713770631002051,0.6725925293549169,2.709931338284618,1.207513315510929,1,1,1.956187821840651,0.7860955453996387,-0.3468558540640922,0.01641263215998193,5,False,True,False,False,False,False,False,False,False,False,False,False,False,False,False,False,False,False,False,False,False,False,False,False,False,False,False,False,False,False,False,False,False,False,False,False,False,False,False,False,False,False,False,True,False,False,False,False,False,False
-0.013692774677866771,0.6766756250758507,-0.7939963647847581,-0.6893930558635247,0,0,-2.1619867239710957,-0.5177169571062086,-0.6849049673898813,0.21181909580526898,6,False,True,False,False,False,False,False,False,False,False,False,False,False,False,False,False,False,False,False,False,False,False,False,False,False,False,False,False,False,False,False,False,False,False,False,False,False,False,False,False,False,False,False,True,False,False,False,False,False,False
-0.016767869278393136,0.6766941956722602,0.639428604652714,0.43689510214005706,1,0,-0.9228899579746408,0.29901087465217124,0.004715223794728616,0.40722555945055605,5,False,True,False,False,False,False,False,False,False,False,False,False,False,False,False,False,False,False,False,False,False,False,False,False,False,False,False,False,False,False,False,False,False,False,False,False,False,False,False,False,False,False,False,True,False,False,False,False,False,False
-0.004779456995178088,0.79112255748472,-0.475457482687542,-0.5115580835471697,1,0,2.0655198894285745,-0.424236060700129,1.181126138168474,0.4351407685427399,3,False,True,False,False,False,False,False,False,False,False,False,False,False,False,False,False,False,False,False,False,False,False,False,False,False,False,False,False,False,False,False,False,False,False,False,False,False,False,False,False,False,False,False,True,False,False,False,False,False,False
-0.024675626267170143,0.7056162251742338,-0.31618804163893405,-0.33372311123081466,1,0,-0.08467743980056815,-0.35781542378001974,-0.6308171092577551,0.46305597763492373,6,False,True,False,False,False,False,False,False,False,False,False,False,False,False,False,False,False,False,False,False,False,False,False,False,False,False,False,False,False,False,False,False,False,False,False,False,False,False,False,False,False,False,False,True,False,False,False,False,False,False
-0.01516174135421163,0.7139824310724637,-0.475457482687542,-0.5115580835471697,1,0,-1.7246584536194067,-0.3897957304452575,-1.0499980097817339,0.5188863958192915,6,False,True,False,False,False,False,False,False,False,False,False,False,False,False,False,False,False,False,False,False,False,False,False,False,False,False,False,False,False,False,False,False,False,False,False,False,False,False,False,False,False,False,False,True,False,False,False,False,False,False
0.011503357132731193,0.6747850774746766,-0.63472692373615,-0.630114731758073,0,0,-0.8500019129160258,-0.537397145823278,-0.9553442580505125,0.6863776503723946,6,False,True,False,False,False,False,False,False,False,False,False,False,False,False,False,False,False,False,False,False,False,False,False,False,False,False,False,False,False,False,False,False,False,False,False,False,False,False,False,False,False,False,False,True,False,False,False,False,False,False
0.02395647345435243,0.7294094212724881,-0.475457482687542,-0.5708364076526213,1,0,-2.2348747690297106,-0.5054168391580403,-0.7254708609889755,0.825953695833314,6,False,True,False,False,False,False,False,False,False,False,False,False,False,False,False,False,False,False,False,False,False,False,False,False,False,False,False,False,False,False,False,False,False,False,False,False,False,False,False,False,False,False,False,True,False,False,False,False,False,False
0.021791316091043372,0.7858594678020778,-0.63472692373615,-0.5708364076526213,1,0,-1.214442138209101,-0.4931167212098718,-0.6849049673898813,0.8538689049254978,6,False,True,False,False,False,False,False,False,False,False,False,False,False,False,False,False,False,False,False,False,False,False,False,False,False,False,False,False,False,False,False,False,False,False,False,False,False,False,False,False,False,False,False,True,False,False,False,False,False,False
0.015037098177125108,0.8025130306728288,-0.7939963647847581,-0.6893930558635247,1,0,0.024654627787353667,-0.34428529403703456,-0.3130509427315133,0.9376145322020495,6,False,True,False,False,False,False,False,False,False,False,False,False,False,False,False,False,False,False,False,False,False,False,False,False,False,False,False,False,False,False,False,False,False,False,False,False,False,False,False,False,False,False,False,True,False,False,False,False,False,False
0.014436098261528895,0.8060758452584282,-0.63472692373615,-0.630114731758073,1,0,1.5917475965475771,-0.3750355889074555,0.3021984435214224,0.9376145322020495,4,False,True,False,False,False,False,False,False,False,False,False,False,False,False,False,False,False,False,False,False,False,False,False,False,False,False,False,False,False,False,False,False,False,False,False,False,False,False,False,False,False,False,False,True,False,False,False,False,False,False
0.026085717935737603,0.7100941743957665,-0.63472692373615,-0.5115580835471697,1,0,0.49842692066835254,-0.3282951407044157,-0.3198119249980287,0.9376145322020495,5,False,True,False,False,False,False,False,False,False,False,False,False,False,False,False,False,False,False,False,False,False,False,False,False,False,False,False,False,False,False,False,False,False,False,False,False,False,False,False,False,False,False,False,True,False,False,False,False,False,False
-0.014720835008645903,0.7938865319889201,0.95796748674993,-0.3930014353362663,1,0,-0.5948937552108737,-0.1905338196849299,-0.08993852793649271,0.9655297412942333,5,False,True,False,False,False,False,False,False,False,False,False,False,False,False,False,False,False,False,False,False,False,False,False,False,False,False,False,False,False,False,False,False,False,False,False,False,False,False,False,False,False,False,False,True,False,False,False,False,False,False
0.02287562551399729,0.8336504409950537,-0.7939963647847581,-0.630114731758073,0,0,-0.08467743980056815,-0.47343653249280243,-0.9147783644514181,0.9376145322020495,6,False,True,False,False,False,False,False,False,False,False,False,False,False,False,False,False,False,False,False,False,False,False,False,False,False,False,False,False,False,False,False,False,False,False,False,False,False,False,False,False,False,False,False,True,False,False,False,False,False,False
0.009656223482857336,0.7966319358967194,-0.7939963647847581,-0.630114731758073,0,1,1.5188595514889638,-0.55215728736108,-0.3130509427315133,0.9376145322020495,6,False,True,False,False,False,False,False,False,False,False,False,False,False,False,False,False,False,False,False,False,False,False,False,False,False,False,False,False,False,False,False,False,False,False,False,False,False,False,False,False,False,False,False,True,False,False,False,False,False,False
0.00868397955892353,0.796910799278799,-0.7939963647847581,-0.6893930558635247,1,0,4.3250492862456404,-0.5767575232574168,-0.3130509427315133,0.9655297412942333,6,False,True,False,False,False,False,False,False,False,False,False,False,False,False,False,False,False,False,False,False,False,False,False,False,False,False,False,False,False,False,False,False,False,False,False,False,False,False,False,False,False,False,False,True,False,False,False,False,False,False
0.008886908976069302,0.784019761014004,-0.7939963647847581,-0.630114731758073,1,0,0.024654627787353667,-0.34428529403703456,-0.3130509427315133,0.9655297412942333,6,False,True,False,False,False,False,False,False,False,False,False,False,False,False,False,False,False,False,False,False,False,False,False,False,False,False,False,False,False,False,False,False,False,False,False,False,False,False,False,False,False,False,False,True,False,False,False,False,False,False
0.014668882966056835,0.8031633059829865,-0.7939963647847581,-0.6893930558635247,1,0,0.024654627787353667,-0.5669174288988821,-0.3130509427315133,0.9934449503864172,6,False,True,False,False,False,False,False,False,False,False,False,False,False,False,False,False,False,False,False,False,False,False,False,False,False,False,False,False,False,False,False,False,False,False,False,False,False,False,False,False,False,False,False,True,False,False,False,False,False,False
0.03369319130937816,0.8213682747435239,-0.31618804163893405,-0.5115580835471697,0,1,0.20687474043389217,-0.31845504634588095,-0.6443390737907869,0.9934449503864172,6,False,True,False,False,False,False,False,False,False,False,False,False,False,False,False,False,False,False,False,False,False,False,False,False,False,False,False,False,False,False,False,False,False,False,False,False,False,False,False,False,False,False,False,True,False,False,False,False,False,False
-0.0016814300724578835,0.794899390582986,-0.7939963647847581,-0.6893930558635247,1,0,-0.5220057101522587,-0.5742974996677831,-0.3130509427315133,1.021360159478601,6,False,True,False,False,False,False,False,False,False,False,False,False,False,False,False,False,False,False,False,False,False,False,False,False,False,False,False,False,False,False,False,False,False,False,False,False,False,False,False,False,False,False,False,True,False,False,False,False,False,False
-0.0003314518603214653,0.7978816457039434,-0.7939963647847581,-0.6893930558635247,0,0,0.024654627787353667,-0.34428529403703456,-0.3130509427315133,1.021360159478601,6,False,True,False,False,False,False,False,False,False,False,False,False,False,False,False,False,False,False,False,False,False,False,False,False,False,False,False,False,False,False,False,False,False,False,False,False,False,False,False,False,False,False,False,True,False,False,False,False,False,False
0.015010704372335567,0.7794069466415281,-0.7939963647847581,-0.6893930558635247,0,0,-0.6677818002694889,-0.5201769806958423,-0.7119488964559447,1.0771905776629687,6,False,True,False,False,False,False,False,False,False,False,False,False,False,False,False,False,False,False,False,False,False,False,False,False,False,False,False,False,False,False,False,False,False,False,False,False,False,False,False,False,False,False,False,True,False,False,False,False,False,False
-0.010492201333260795,0.8152688993506747,-0.31618804163893405,-0.452279759441718,1,0,-0.37622962003502847,-0.4857366504409708,-0.8471685417862603,1.049275368570785,6,False,True,False,False,False,False,False,False,False,False,False,False,False,False,False,False,False,False,False,False,False,False,False,False,False,False,False,False,False,False,False,False,False,False,False,False,False,False,False,False,False,False,False,True,False,False,False,False,False,False
0.011900994945855252,0.7796300982343878,-0.156918600590326,0.43689510214005706,1,0,-0.5948937552108737,-0.14871341866115748,-0.07641656340346095,-1.3235174042648437,5,False,True,False,False,False,False,False,False,False,False,False,False,False,False,False,False,False,False,False,False,False,False,False,False,False,False,False,False,False,False,False,False,False,False,False,False,False,False,False,False,False,False,False,True,False,False,False,False,False,False
-0.022285472535171172,0.7741438569588945,-0.31618804163893405,-0.452279759441718,1,1,0.06109865031666202,-0.02079219200020641,0.5050279115168959,0.21181909580526898,4,False,True,False,False,False,False,False,False,False,False,False,False,False,False,False,False,False,False,False,False,False,False,False,False,False,False,False,False,False,False,False,False,False,False,False,False,False,False,False,False,False,False,False,True,False,False,False,False,False,False
-0.02333516713217114,0.6871183889753125,-0.63472692373615,-0.5708364076526213,1,0,-0.8864459354453341,-0.45375634377573304,-0.41446567672925,1.1051057867551526,5,False,True,False,False,False,False,False,False,False,False,False,False,False,False,False,False,False,False,False,False,False,False,False,False,False,False,False,False,False,False,False,False,False,False,False,False,False,False,False,False,False,False,False,True,False,False,False,False,False,False
-0.022973874886297343,0.7033399571526542,-0.7939963647847581,-0.630114731758073,0,0,-1.5424383409728681,-0.5004967919787728,-0.7119488964559447,1.1330209958473365,6,False,True,False,False,False,False,False,False,False,False,False,False,False,False,False,False,False,False,False,False,False,False,False,False,False,False,False,False,False,False,False,False,False,False,False,False,False,False,False,False,False,False,False,True,False,False,False,False,False,False
0.00011075254121726642,0.790044854021241,-0.7939963647847581,-0.6893930558635247,1,0,0.024654627787353667,-0.34428529403703456,-0.3130509427315133,1.1609362049395204,6,False,True,False,False,False,False,False,False,False,False,False,False,False,False,False,False,False,False,False,False,False,False,False,False,False,False,False,False,False,False,False,False,False,False,False,False,False,False,False,False,False,False,False,True,False,False,False,False,False,False
0.020369944800382504,0.7878708764978908,-0.63472692373615,-0.630114731758073,1,0,0.024654627787353667,-0.34428529403703456,-0.3130509427315133,1.3005122504004396,6,False,True,False,False,False,False,False,False,False,False,False,False,False,False,False,False,False,False,False,False,False,False,False,False,False,False,False,False,False,False,False,False,False,False,False,False,False,False,False,False,False,False,False,True,False,False,False,False,False,False
0.03823552184495614,0.8130857887471226,-0.156918600590326,0.43689510214005706,1,0,-0.8500019129160258,-0.010952097641671713,-0.21163620873377656,0.5188863958192915,5,False,True,False,False,False,False,False,False,False,False,False,False,False,False,False,False,False,False,False,False,False,False,False,False,False,False,False,False,False,False,False,False,False,False,False,False,False,False,False,False,False,False,False,True,False,False,False,False,False,False
-0.1729603484224436,0.5725645995281172,-0.63472692373615,-0.630114731758073,1,1,1.2273073712545033,-0.5103368863373076,-0.3130509427315133,0.9096993231098656,6,False,True,False,False,False,False,False,False,False,False,False,False,False,False,False,False,False,False,False,False,False,True,False,False,False,False,False,False,False,False,False,False,False,False,False,False,False,False,False,False,False,False,False,False,False,False,False,False,False,False
-0.07827105934491191,0.7617408296127345,1.75431469199297,1.1482349914054772,1,0,-0.4855616876229503,1.9201664202207624,0.4103741597856755,-1.1560261497117403,4,False,True,False,False,False,False,False,False,False,False,False,False,False,False,False,False,False,False,False,False,False,True,False,False,False,False,False,False,False,False,False,False,False,False,False,False,False,False,False,False,False,False,False,False,False,False,False,False,False,False
-0.14755825839743053,0.7633111105349364,1.595045250944362,0.9111216949836705,1,0,-0.9957780030332559,0.5007328090021325,-0.6172951447247235,-2.4122105588600142,6,False,True,False,False,False,False,False,False,False,False,False,False,False,False,False,False,False,False,False,False,False,True,False,False,False,False,False,False,False,False,False,False,False,False,False,False,False,False,False,False,False,False,False,False,False,False,False,False,False,False
-0.06878832777531164,0.7769404061158085,-0.31618804163893405,-0.15588813891445966,1,0,-0.23045352991779833,-0.29385481044954426,-0.7795587191211025,-0.206909040577489,6,False,True,False,False,False,False,False,False,False,False,False,False,False,False,False,False,False,False,False,False,False,True,False,False,False,False,False,False,False,False,False,False,False,False,False,False,False,False,False,False,False,False,False,False,False,False,False,False,False,False
-0.09850212705799437,0.7327633927575468,0.002350840458282005,-0.0373314907035563,1,0,0.8993111684907331,-0.0699926637928799,-1.0499980097817339,-0.15107862239312125,6,False,True,False,False,False,False,False,False,False,False,False,False,False,False,False,False,False,False,False,False,False,True,False,False,False,False,False,False,False,False,False,False,False,False,False,False,False,False,False,False,False,False,False,False,False,False,False,False,False,False
-0.07230605946270312,0.7734750110523186,-0.7939963647847581,-0.5708364076526213,0,0,-1.1051100706211794,-0.46113641454463405,-0.6984269319229129,-0.12316341330093739,6,False,True,False,False,False,False,False,False,False,False,False,False,False,False,False,False,False,False,False,False,False,True,False,False,False,False,False,False,False,False,False,False,False,False,False,False,False,False,False,False,False,False,False,False,False,False,False,False,False,False
-0.08930842928509375,0.7623353931336809,-0.7939963647847581,-0.6893930558635247,0,1,-1.4331062733849464,-0.5177169571062086,-0.3130509427315133,0.9096993231098656,6,False,True,False,False,False,False,False,False,False,False,False,False,False,False,False,False,False,False,False,False,False,True,False,False,False,False,False,False,False,False,False,False,False,False,False,False,False,False,False,False,False,False,False,False,False,False,False,False,False,False
-0.0853255608739697,0.7625816818630468,-0.7939963647847581,-0.6893930558635247,1,0,-1.943322588795252,-0.5718374760781494,-0.3130509427315133,0.9096993231098656,6,False,True,False,False,False,False,False,False,False,False,False,False,False,False,False,False,False,False,False,False,False,True,False,False,False,False,False,False,False,False,False,False,False,False,False,False,False,False,False,False,False,False,False,False,False,False,False,False,False,False
-0.12231280045985227,0.7225437804509447,-0.63472692373615,-0.3930014353362663,1,0,-0.4855616876229503,-0.34797532942148507,-0.7119488964559447,0.9934449503864172,6,False,True,False,False,False,False,False,False,False,False,False,False,False,False,False,False,False,False,False,False,False,True,False,False,False,False,False,False,False,False,False,False,False,False,False,False,False,False,False,False,False,False,False,False,False,False,False,False,False,False
-0.039634423302406165,0.6922237808065199,-0.31618804163893405,-0.27444478712536297,1,0,0.06109865031666202,-0.08475280533068194,-0.0628945988704292,-1.016450104250821,5,False,True,False,False,False,False,False,False,False,False,False,False,False,False,False,False,False,False,False,False,False,True,False,False,False,False,False,False,False,False,False,False,False,False,False,False,False,False,False,False,False,False,False,False,False,False,False,False,False,False
-0.1608287172968502,0.7752772722115762,-0.63472692373615,-0.630114731758073,1,0,-2.5628709717934792,-0.5250970278751096,-1.0229540807156703,-0.17899383148530512,6,False,True,False,False,False,False,False,False,False,False,False,False,False,False,False,False,False,False,False,False,False,True,False,False,False,False,False,False,False,False,False,False,False,False,False,False,False,False,False,False,False,False,False,False,False,False,False,False,False,False
-0.13458981385444366,0.736693357167151,-0.31618804163893405,-0.3930014353362663,1,0,0.316206808021814,0.06776865722660586,-0.2792460313989344,-0.7652132224211663,5,False,True,False,False,False,False,False,False,False,False,False,False,False,False,False,False,False,False,False,False,False,True,False,False,False,False,False,False,False,False,False,False,False,False,False,False,False,False,False,False,False,False,False,False,False,False,False,False,False,False
-0.14676601156845173,0.7107353166257397,-0.63472692373615,-0.27444478712536297,1,0,-0.1940095073884916,-0.37995563608672284,-1.0229540807156703,-0.206909040577489,6,False,True,False,False,False,False,False,False,False,False,False,False,False,False,False,False,False,False,False,False,False,True,False,False,False,False,False,False,False,False,False,False,False,False,False,False,False,False,False,False,False,False,False,False,False,False,False,False,False,False
-0.056838424485969555,0.7028613837502269,-0.156918600590326,-0.09660981480900797,1,0,-0.1940095073884916,0.0825287987644079,-0.8742124708523229,-1.9655672133850723,6,False,True,False,False,False,False,False,False,False,False,False,False,False,False,False,False,False,False,False,False,False,True,False,False,False,False,False,False,False,False,False,False,False,False,False,False,False,False,False,False,False,False,False,False,False,False,False,False,False,False
-0.030556685196447744,0.760078000144508,-0.475457482687542,-0.27444478712536297,1,0,0.17043071790458383,-0.1462533950715238,-0.3130509427315133,-0.09524820420875353,6,False,True,False,False,False,False,False,False,False,False,False,False,False,False,False,False,False,False,False,False,False,True,False,False,False,False,False,False,False,False,False,False,False,False,False,False,False,False,False,False,False,False,False,False,False,False,False,False,False,False
-0.028448642295960093,0.7393038959240157,-0.63472692373615,-0.630114731758073,1,0,-0.1940095073884916,-0.5275570514647433,2.695586165868009,0.01641263215998193,1,False,True,False,False,False,False,False,False,False,False,False,False,False,False,False,False,False,False,False,False,False,True,False,False,False,False,False,False,False,False,False,False,False,False,False,False,False,False,False,False,False,False,False,False,False,False,False,False,False,False
-0.07747881251593311,0.6772701885968059,0.002350840458282005,0.3776167780346054,1,0,-0.813557890386719,-0.05277249866544417,-0.9012563999183865,-0.23482424966967286,6,False,True,False,False,False,False,False,False,False,False,False,False,False,False,False,False,False,False,False,False,False,True,False,False,False,False,False,False,False,False,False,False,False,False,False,False,False,False,False,False,False,False,False,False,False,False,False,False,False,False
-0.028077398287622502,0.7274211497131813,-0.475457482687542,-0.27444478712536297,1,0,0.8993111684907331,-0.3725755653178218,-1.090563903380828,-0.8489588496977178,6,False,True,False,False,False,False,False,False,False,False,False,False,False,False,False,False,False,False,False,False,False,True,False,False,False,False,False,False,False,False,False,False,False,False,False,False,False,False,False,False,False,False,False,False,False,False,False,False,False,False
-0.04235644667822314,0.731420829968301,0.002350840458282005,-0.27444478712536297,1,0,-0.37622962003502847,-0.35781542378001974,-0.9688662225835443,-0.15107862239312125,6,False,True,False,False,False,False,False,False,False,False,False,False,False,False,False,False,False,False,False,False,False,True,False,False,False,False,False,False,False,False,False,False,False,False,False,False,False,False,False,False,False,False,False,False,False,False,False,False,False,False
-0.06770921057625282,0.7280482878868415,-0.31618804163893405,-0.3930014353362663,1,0,-0.1211214623298765,-0.20529396122273197,-1.036476045248702,0.4909711867271076,6,False,True,False,False,False,False,False,False,False,False,False,False,False,False,False,False,False,False,False,False,False,True,False,False,False,False,False,False,False,False,False,False,False,False,False,False,False,False,False,False,False,False,False,False,False,False,False,False,False,False
-0.09630841246327307,0.6688622749656603,-0.156918600590326,-0.09660981480900797,1,0,-1.2508861607384079,-0.5029568155684065,-1.0499980097817339,0.825953695833314,6,False,True,False,False,False,False,False,False,False,False,False,False,False,False,False,False,False,False,False,False,False,True,False,False,False,False,False,False,False,False,False,False,False,False,False,False,False,False,False,False,False,False,False,False,False,False,False,False,False,False
-0.030323900491919804,0.7326285276066122,-0.31618804163893405,-0.3930014353362663,1,0,-0.6313377777401805,-0.39471577762452487,-0.9823881871165759,0.8817841140176818,6,False,True,False,False,False,False,False,False,False,False,False,False,False,False,False,False,False,False,False,False,False,True,False,False,False,False,False,False,False,False,False,False,False,False,False,False,False,False,False,False,False,False,False,False,False,False,False,False,False,False
-0.04650589893923963,0.7241368940736469,-0.7939963647847581,-0.6893930558635247,0,0,0.38909485308042907,-0.5103368863373076,-0.9553442580505125,1.0771905776629687,6,False,True,False,False,False,False,False,False,False,False,False,False,False,False,False,False,False,False,False,False,False,True,False,False,False,False,False,False,False,False,False,False,False,False,False,False,False,False,False,False,False,False,False,False,False,False,False,False,False,False
-0.026129881642485572,0.7272725849419482,-0.7939963647847581,-0.6893930558635247,0,0,-0.3033415749764134,-0.537397145823278,-0.9553442580505125,1.1051057867551526,6,False,True,False,False,False,False,False,False,False,False,False,False,False,False,False,False,False,False,False,False,False,True,False,False,False,False,False,False,False,False,False,False,False,False,False,False,False,False,False,False,False,False,False,False,False,False,False,False,False,False
-0.06656172909593885,0.7280345882665431,-0.475457482687542,-0.5708364076526213,1,0,-0.9228899579746408,-0.48819667403060446,-0.8201246127201969,1.1330209958473365,6,False,True,False,False,False,False,False,False,False,False,False,False,False,False,False,False,False,False,False,False,False,True,False,False,False,False,False,False,False,False,False,False,False,False,False,False,False,False,False,False,False,False,False,False,False,False,False,False,False,False
-0.09849217529553057,0.7397824693264343,-0.31618804163893405,-0.3930014353362663,1,0,-0.3397855975057201,-0.4980367683891392,-0.6037731801916917,1.244681832216072,6,False,True,False,False,False,False,False,False,False,False,False,False,False,False,False,False,False,False,False,False,False,True,False,False,False,False,False,False,False,False,False,False,False,False,False,False,False,False,False,False,False,False,False,False,False,False,False,False,False,False
-0.14008145599175853,0.7334182346078097,-0.63472692373615,-0.630114731758073,1,0,-0.5220057101522587,-0.5742974996677831,-1.090563903380828,1.3842578776769914,6,False,True,False,False,False,False,False,False,False,False,False,False,False,False,False,False,False,False,False,False,False,True,False,False,False,False,False,False,False,False,False,False,False,False,False,False,False,False,False,False,False,False,False,False,False,False,False,False,False,False
0.7629336814065459,0.5362706521255701,-0.7939963647847581,-0.6893930558635247,0,0,-1.3602182283263313,-0.5152569335165749,-0.008806740738303138,0.825953695833314,5,False,True,False,False,False,False,False,False,False,False,False,False,False,False,False,False,False,False,False,False,False,False,False,False,False,False,False,False,False,False,False,True,False,False,False,False,False,False,False,False,False,False,False,False,False,False,False,False,False,False
0.9956482909124449,0.6302457852685214,0.16162028150689,0.3183384539291537,1,0,0.27976278549250727,-0.001112003283137017,-0.6713830028568495,0.825953695833314,6,False,True,False,False,False,False,False,False,False,False,False,False,False,False,False,False,False,False,False,False,False,False,False,False,False,False,False,False,False,False,False,True,False,False,False,False,False,False,False,False,False,False,False,False,False,False,False,False,False,False
0.9761272598167094,0.5804988107329465,-0.31618804163893405,-0.452279759441718,1,0,0.4619828981390442,-0.31107497557697994,-0.035850669804366644,0.7980384867411301,5,False,True,False,False,False,False,False,False,False,False,False,False,False,False,False,False,False,False,False,False,False,False,False,False,False,False,False,False,False,False,False,True,False,False,False,False,False,False,False,False,False,False,False,False,False,False,False,False,False,False
0.7241239712342796,0.44390781207373364,-0.63472692373615,-0.630114731758073,1,0,-0.7042258227987955,-0.5177169571062086,-1.0499980097817339,0.6584624412802108,6,False,True,False,False,False,False,False,False,False,False,False,False,False,False,False,False,False,False,False,False,False,False,False,False,False,False,False,False,False,False,False,True,False,False,False,False,False,False,False,False,False,False,False,False,False,False,False,False,False,False
0.8684755837907358,0.5925581298276138,-0.63472692373615,-0.5708364076526213,0,0,-0.3033415749764134,-0.5078768627476739,-0.9553442580505125,0.630547232188027,6,False,True,False,False,False,False,False,False,False,False,False,False,False,False,False,False,False,False,False,False,False,False,False,False,False,False,False,False,False,False,False,True,False,False,False,False,False,False,False,False,False,False,False,False,False,False,False,False,False,False
0.9309181336965338,0.5420960351124595,-0.63472692373615,-0.5708364076526213,0,0,-0.4491176650936436,-0.4094759191623269,0.3292423725874859,0.630547232188027,4,False,True,False,False,False,False,False,False,False,False,False,False,False,False,False,False,False,False,False,False,False,False,False,False,False,False,False,False,False,False,False,True,False,False,False,False,False,False,False,False,False,False,False,False,False,False,False,False,False,False
0.9899390080569549,0.6610720619919761,-0.7939963647847581,-0.5708364076526213,0,0,-1.323774205797023,-0.4783565796720698,-1.0635199743147645,0.5468016049114753,6,False,True,False,False,False,False,False,False,False,False,False,False,False,False,False,False,False,False,False,False,False,False,False,False,False,False,False,False,False,False,False,True,False,False,False,False,False,False,False,False,False,False,False,False,False,False,False,False,False,False
0.9127241484907378,0.6099085467175406,-0.31618804163893405,-0.452279759441718,1,0,-1.1051100706211794,-0.4045558719830596,-0.9959101516496067,0.1839038867130851,6,False,True,False,False,False,False,False,False,False,False,False,False,False,False,False,False,False,False,False,False,False,False,False,False,False,False,False,False,False,False,False,True,False,False,False,False,False,False,False,False,False,False,False,False,False,False,False,False,False,False
0.6414953528891402,0.5569284617915374,-0.63472692373615,-0.630114731758073,1,0,-2.9637552196158614,-0.5792175468470504,-0.3130509427315133,0.32347993217400445,6,False,True,False,False,False,False,False,False,False,False,False,False,False,False,False,False,False,False,False,False,False,False,False,False,False,False,False,False,False,False,False,True,False,False,False,False,False,False,False,False,False,False,False,False,False,False,False,False,False,False
0.7234507128695092,0.44891091340671163,-0.475457482687542,-0.5115580835471697,1,1,-0.3033415749764134,-0.5398571694129116,-0.7525147900550391,0.46305597763492373,6,False,True,False,False,False,False,False,False,False,False,False,False,False,False,False,False,False,False,False,False,False,False,False,False,False,False,False,False,False,False,False,True,False,False,False,False,False,False,False,False,False,False,False,False,False,False,False,False,False,False
0.970310671000768,0.5915501422096591,-0.7939963647847581,-0.6893930558635247,1,0,0.024654627787353667,-0.34428529403703456,-0.3130509427315133,0.9655297412942333,6,False,True,False,False,False,False,False,False,False,False,False,False,False,False,False,False,False,False,False,False,False,False,False,False,False,False,False,False,False,False,False,True,False,False,False,False,False,False,False,False,False,False,False,False,False,False,False,False,False,False
1.090654738332762,0.7065450594304654,-0.63472692373615,-0.630114731758073,1,0,-2.307762814088326,-0.5250970278751096,-1.0229540807156703,1.021360159478601,6,False,True,False,False,False,False,False,False,False,False,False,False,False,False,False,False,False,False,False,False,False,False,False,False,False,False,False,False,False,False,False,True,False,False,False,False,False,False,False,False,False,False,False,False,False,False,False,False,False,False
0.9965660164855034,0.6320900585966918,-0.63472692373615,-0.630114731758073,1,0,-3.8748557828485493,-0.5718374760781494,-1.0499980097817339,1.3005122504004396,6,False,True,False,False,False,False,False,False,False,False,False,False,False,False,False,False,False,False,False,False,False,False,False,False,False,False,False,False,False,False,False,True,False,False,False,False,False,False,False,False,False,False,False,False,False,False,False,False,False,False
0.9659301647765199,0.5932829919594069,-0.475457482687542,-0.5708364076526213,0,0,0.6806470333148894,-0.5792175468470504,-0.8877344353853547,1.3842578776769914,6,False,True,False,False,False,False,False,False,False,False,False,False,False,False,False,False,False,False,False,False,False,False,False,False,False,False,False,False,False,False,False,True,False,False,False,False,False,False,False,False,False,False,False,False,False,False,False,False,False,False
0.7615027910387476,0.503753537821289,-0.7939963647847581,-0.6893930558635247,0,0,-0.23045352991779833,-0.5718374760781494,-0.7525147900550391,1.3563426685848075,6,False,True,False,False,False,False,False,False,False,False,False,False,False,False,False,False,False,False,False,False,False,False,False,False,False,False,False,False,False,False,False,True,False,False,False,False,False,False,False,False,False,False,False,False,False,False,False,False,False,False
0.43457225020021695,-0.03572198329349276,-0.7939963647847581,-0.6893930558635247,0,0,-1.396662250855638,-0.537397145823278,-0.9959101516496067,0.4909711867271076,6,False,True,False,False,False,False,False,False,False,False,False,False,False,False,False,False,False,False,False,False,False,False,False,False,False,False,False,False,False,False,False,False,False,False,False,False,False,False,False,False,False,False,False,False,False,True,False,False,False,False
0.4051046488671186,0.0471832477763364,-0.63472692373615,-0.630114731758073,0,0,-0.41267364256433525,-0.42177603711049527,-0.9147783644514181,0.5188863958192915,6,False,True,False,False,False,False,False,False,False,False,False,False,False,False,False,False,False,False,False,False,False,False,False,False,False,False,False,False,False,False,False,False,False,False,False,False,False,False,False,False,False,False,False,False,False,True,False,False,False,False
0.4554700859981986,0.014164118497124666,-0.7939963647847581,-0.6893930558635247,1,0,4.3250492862456404,-0.5792175468470504,-0.3130509427315133,0.7701232776489463,6,False,True,False,False,False,False,False,False,False,False,False,False,False,False,False,False,False,False,False,False,False,False,False,False,False,False,False,False,False,False,False,False,False,False,False,False,False,False,False,False,False,False,False,False,False,True,False,False,False,False
0.397205112899506,-0.13286051098134816,-0.31618804163893405,-0.3930014353362663,1,0,-0.15756548485918323,-0.15855351301969217,-0.8877344353853547,-0.09524820420875353,6,False,True,False,False,False,False,False,False,False,False,False,False,False,False,False,False,False,True,False,False,False,False,False,False,False,False,False,False,False,False,False,False,False,False,False,False,False,False,False,False,False,False,False,False,False,False,False,False,False,False
0.3737128958964066,-0.14951376941608455,0.16162028150689,0.614730074456412,1,0,-0.4491176650936436,0.055468539278437486,-0.5767292511256291,-0.15107862239312125,6,False,True,False,False,False,False,False,False,False,False,False,False,False,False,False,False,False,True,False,False,False,False,False,False,False,False,False,False,False,False,False,False,False,False,False,False,False,False,False,False,False,False,False,False,False,False,False,False,False,False
0.42933156555105517,-0.14350268046515177,-0.31618804163893405,-0.5115580835471697,1,0,0.316206808021814,-0.4660564617239014,1.4786093578951687,0.044327841252165795,3,False,True,False,False,False,False,False,False,False,False,False,False,False,False,False,False,False,True,False,False,False,False,False,False,False,False,False,False,False,False,False,False,False,False,False,False,False,False,False,False,False,False,False,False,False,False,False,False,False,False
0.3717355239638875,-0.1252142962388003,0.002350840458282005,-0.27444478712536297,0,0,-1.2873301832677162,-0.3897957304452575,-0.9283003289844489,0.1280734685287174,6,False,True,False,False,False,False,False,False,False,False,False,False,False,False,False,False,False,True,False,False,False,False,False,False,False,False,False,False,False,False,False,False,False,False,False,False,False,False,False,False,False,False,False,False,False,False,False,False,False,False
0.3679503927460172,-0.1280476821525188,1.1172369277985381,0.19978180571825038,1,0,-1.5059943184435616,-0.2667945509635738,-0.6984269319229129,0.4351407685427399,6,False,True,False,False,False,False,False,False,False,False,False,False,False,False,False,False,False,True,False,False,False,False,False,False,False,False,False,False,False,False,False,False,False,False,False,False,False,False,False,False,False,False,False,False,False,False,False,False,False,False
0.3650059691134594,-0.1792672136521714,-0.156918600590326,-0.33372311123081466,1,0,0.09754267284596875,-0.3282951407044157,-0.7795587191211025,0.825953695833314,6,False,True,False,False,False,False,False,False,False,False,False,False,False,False,False,False,False,True,False,False,False,False,False,False,False,False,False,False,False,False,False,False,False,False,False,False,False,False,False,False,False,False,False,False,False,False,False,False,False,False
0.36862754527870656,-0.1363490431813355,-0.7939963647847581,-0.630114731758073,0,0,-0.011789394741953068,-0.4857366504409708,-0.7389928255220073,1.021360159478601,6,False,True,False,False,False,False,False,False,False,False,False,False,False,False,False,False,False,True,False,False,False,False,False,False,False,False,False,False,False,False,False,False,False,False,False,False,False,False,False,False,False,False,False,False,False,False,False,False,False,False
0.38015644574740437,-0.16210280716230252,-0.7939963647847581,-0.6893930558635247,0,0,0.024654627787353667,-0.34428529403703456,-0.9553442580505125,1.412173086769175,6,False,True,False,False,False,False,False,False,False,False,False,False,False,False,False,False,False,True,False,False,False,False,False,False,False,False,False,False,False,False,False,False,False,False,False,False,False,False,False,False,False,False,False,False,False,False,False,False,False,False
0.1745491391299869,-0.28077226698314545,-0.31618804163893405,-0.15588813891445966,1,0,-0.813557890386719,-0.44145622582756466,-0.1981142442007448,-0.206909040577489,5,False,True,False,False,False,False,False,False,True,False,False,False,False,False,False,False,False,False,False,False,False,False,False,False,False,False,False,False,False,False,False,False,False,False,False,False,False,False,False,False,False,False,False,False,False,False,False,False,False,False
0.09788725140835566,-0.2762663096489956,-0.475457482687542,-0.452279759441718,1,0,0.1339866953752771,-0.3356752114733167,-0.7525147900550391,0.825953695833314,6,False,True,False,False,False,False,False,False,True,False,False,False,False,False,False,False,False,False,False,False,False,False,False,False,False,False,False,False,False,False,False,False,False,False,False,False,False,False,False,False,False,False,False,False,False,False,False,False,False,False
0.20116923834319175,-0.2900721781137093,-0.63472692373615,-0.5708364076526213,1,0,-0.9228899579746408,-0.5595373581299811,-0.7119488964559447,1.272597041308256,6,False,True,False,False,False,False,False,False,True,False,False,False,False,False,False,False,False,False,False,False,False,False,False,False,False,False,False,False,False,False,False,False,False,False,False,False,False,False,False,False,False,False,False,False,False,False,False,False,False,False
-0.003214866862138862,0.45125659283780967,0.002350840458282005,-0.33372311123081466,1,0,-0.26689755244710506,-0.24219431506723707,-0.5496853220595657,-0.23482424966967286,6,False,True,False,False,False,False,False,False,False,False,False,False,False,False,False,False,False,False,False,False,False,False,False,False,False,False,False,False,False,False,False,False,False,False,False,False,False,False,False,False,False,False,False,False,False,False,False,False,False,True
-0.12206357371299859,0.39878765596693894,-0.7939963647847581,-0.6893930558635247,0,0,4.3250492862456404,-0.5792175468470504,-0.8201246127201969,0.6584624412802108,6,False,True,False,False,False,False,False,False,False,False,False,False,False,False,False,False,False,False,False,False,False,False,False,False,False,False,False,False,False,False,False,False,False,False,False,False,False,False,False,False,False,False,False,False,False,False,False,False,False,True
-0.0015364804887832112,0.45499141376715413,-0.63472692373615,-0.630114731758073,1,0,-0.5584497326815654,-0.46851648531353507,-0.9553442580505125,0.8538689049254978,6,False,True,False,False,False,False,False,False,False,False,False,False,False,False,False,False,False,False,False,False,False,False,False,False,False,False,False,False,False,False,False,False,False,False,False,False,False,False,False,False,False,False,False,False,False,False,False,False,False,True
-0.0870900516268823,0.49486248424762824,-0.63472692373615,-0.5115580835471697,0,0,-0.8500019129160258,-0.45375634377573304,-1.0094321161826385,0.8817841140176818,6,False,True,False,False,False,False,False,False,False,False,False,False,False,False,False,False,False,False,False,False,False,False,False,False,False,False,False,False,False,False,False,False,False,False,False,False,False,False,False,False,False,False,False,False,False,False,False,False,False,True
0.1999148835877497,0.2499702028454162,-0.63472692373615,-0.630114731758073,1,0,-2.599314994322786,-0.5546173109507136,-0.6172951447247235,0.044327841252165795,6,False,True,False,False,False,False,False,False,False,False,False,False,False,False,False,False,False,False,False,False,False,False,False,False,False,False,False,False,True,False,False,False,False,False,False,False,False,False,False,False,False,False,False,False,False,False,False,False,False,False
0.24001702482400766,0.24128342583219975,-0.156918600590326,-0.33372311123081466,1,0,0.35265083055112234,-0.2864747396806432,-0.04937263433739744,0.8538689049254978,5,False,True,False,False,False,False,False,False,False,False,False,False,False,False,False,False,False,False,False,False,False,False,False,False,False,False,False,False,True,False,False,False,False,False,False,False,False,False,False,False,False,False,False,False,False,False,False,False,False,False
0.44148310020157,0.3392253601415598,-0.156918600590326,-0.452279759441718,1,0,1.0450872586079631,-0.4488362965964657,-0.8877344353853547,0.8817841140176818,6,False,True,False,False,False,False,False,False,False,False,False,False,False,False,False,False,False,False,False,False,False,False,False,False,False,False,False,False,True,False,False,False,False,False,False,False,False,False,False,False,False,False,False,False,False,False,False,False,False,False
0.2595268061013063,0.4092815651155154,-0.31618804163893405,-0.5115580835471697,1,0,0.27976278549250727,-0.5177169571062086,-0.6849049673898813,1.049275368570785,6,False,True,False,False,False,False,False,False,False,False,False,False,False,False,False,False,False,False,False,False,False,False,False,False,False,False,False,False,True,False,False,False,False,False,False,False,False,False,False,False,False,False,False,False,False,False,False,False,False,False
0.4015380237380701,0.31252875784805695,-0.475457482687542,-0.5708364076526213,1,0,0.20687474043389217,-0.5423171930025453,-0.3468558540640922,1.244681832216072,5,False,True,False,False,False,False,False,False,False,False,False,False,False,False,False,False,False,False,False,False,False,False,False,False,False,False,False,False,True,False,False,False,False,False,False,False,False,False,False,False,False,False,False,False,False,False,False,False,False,False
0.22040988934871525,0.24866478124898095,-0.7939963647847581,-0.6893930558635247,0,0,-2.9637552196158614,-0.5767575232574168,-0.6849049673898813,1.412173086769175,6,False,True,False,False,False,False,False,False,False,False,False,False,False,False,False,False,False,False,False,False,False,False,False,False,False,False,False,False,True,False,False,False,False,False,False,False,False,False,False,False,False,False,False,False,False,False,False,False,False,False
-0.08152442029909389,0.11165548751666597,-0.63472692373615,-0.630114731758073,0,0,-0.6313377777401805,-0.47343653249280243,-1.0635199743147645,0.6026320230958431,6,False,True,False,False,False,False,False,False,False,False,False,True,False,False,False,False,False,False,False,False,False,False,False,False,False,False,False,False,False,False,False,False,False,False,False,False,False,False,False,False,False,False,False,False,False,False,False,False,False,False
-0.11729191995548836,-0.1520689008197438,-0.156918600590326,-0.33372311123081466,1,0,-1.2873301832677162,-0.446376273006832,-1.0094321161826385,-0.09524820420875353,6,False,True,False,False,False,False,False,False,False,False,False,True,False,False,False,False,False,False,False,False,False,False,False,False,False,False,False,False,False,False,False,False,False,False,False,False,False,False,False,False,False,False,False,False,False,False,False,False,False,False
-0.0768302172146529,-0.09487542156196016,-0.156918600590326,-0.21516646301991132,1,1,-0.15756548485918323,-0.3504353530111187,-1.0229540807156703,-0.06733299511656966,6,False,True,False,False,False,False,False,False,False,False,False,True,False,False,False,False,False,False,False,False,False,False,False,False,False,False,False,False,False,False,False,False,False,False,False,False,False,False,False,False,False,False,False,False,False,False,False,False,False,False
-0.12254731590567959,-0.13027280492498372,0.320889722555498,-0.21516646301991132,1,0,-0.1940095073884916,-0.2864747396806432,-0.4009437121962182,0.01641263215998193,5,False,True,False,False,False,False,False,False,False,False,False,True,False,False,False,False,False,False,False,False,False,False,False,False,False,False,False,False,False,False,False,False,False,False,False,False,False,False,False,False,False,False,False,False,False,False,False,False,False,False
-0.13130010733301448,-0.1254511474519584,0.002350840458282005,-0.33372311123081466,1,0,1.0086432360786566,0.011188114665031354,-0.0628945988704292,0.044327841252165795,5,False,True,False,False,False,False,False,False,False,False,False,True,False,False,False,False,False,False,False,False,False,False,False,False,False,False,False,False,False,False,False,False,False,False,False,False,False,False,False,False,False,False,False,False,False,False,False,False,False,False
-0.10404136458099016,-0.09076918870452022,-0.475457482687542,-0.452279759441718,1,0,-1.068666048091871,-0.37749561249708913,-1.0499980097817339,0.2955647230818206,6,False,True,False,False,False,False,False,False,False,False,False,True,False,False,False,False,False,False,False,False,False,False,False,False,False,False,False,False,False,False,False,False,False,False,False,False,False,False,False,False,False,False,False,False,False,False,False,False,False,False
-0.08947025359641747,-0.06723598095592154,0.16162028150689,-0.27444478712536297,1,1,0.17043071790458383,-0.33075516429404933,-0.9688662225835443,0.7142928594645785,6,False,True,False,False,False,False,False,False,False,False,False,True,False,False,False,False,False,False,False,False,False,False,False,False,False,False,False,False,False,False,False,False,False,False,False,False,False,False,False,False,False,False,False,False,False,False,False,False,False,False
-0.07577533039376091,-0.05186439810910256,-0.156918600590326,-0.3930014353362663,1,0,-0.08467743980056815,-0.35781542378001974,-0.3468558540640922,0.9655297412942333,5,False,True,False,False,False,False,False,False,False,False,False,True,False,False,False,False,False,False,False,False,False,False,False,False,False,False,False,False,False,False,False,False,False,False,False,False,False,False,False,False,False,False,False,False,False,False,False,False,False,False
-0.12146300648272568,-0.1152963800147694,-0.475457482687542,-0.5115580835471697,1,0,0.35265083055112234,-0.5644574053092484,-0.9553442580505125,1.3563426685848075,6,False,True,False,False,False,False,False,False,False,False,False,True,False,False,False,False,False,False,False,False,False,False,False,False,False,False,False,False,False,False,False,False,False,False,False,False,False,False,False,False,False,False,False,False,False,False,False,False,False,False
-0.3845231358449355,0.15597193256595884,-0.7939963647847581,-0.6893930558635247,1,0,0.024654627787353667,-0.34428529403703456,-0.3130509427315133,0.9376145322020495,6,False,True,False,False,False,False,False,False,False,False,False,False,False,False,False,False,False,False,False,False,False,False,False,False,False,False,False,False,False,False,False,False,False,False,False,False,False,False,False,False,True,False,False,False,False,False,False,False,False,False
-0.3615012477894607,0.358717179902123,-0.63472692373615,-0.5115580835471697,0,0,0.27976278549250727,-0.43161613146903,-1.0229540807156703,0.9096993231098656,6,False,True,False,False,False,False,False,False,False,False,False,False,False,False,False,False,False,False,False,False,False,False,False,False,False,False,False,False,False,False,False,False,False,False,False,False,False,False,False,False,True,False,False,False,False,False,False,False,False,False
-0.4091212965372066,0.1810474131241509,-0.7939963647847581,-0.630114731758073,0,0,0.42553887560973747,-0.46359643813426776,-1.0229540807156703,0.9096993231098656,6,False,True,False,False,False,False,False,False,False,False,False,False,False,False,False,False,False,False,False,False,False,False,False,False,False,False,False,False,False,False,False,False,False,False,False,False,False,False,False,False,True,False,False,False,False,False,False,False,False,False
-0.29527573009241204,0.4004042111621445,-0.7939963647847581,-0.630114731758073,0,0,-0.9957780030332559,-0.4488362965964657,-0.9959101516496067,0.8538689049254978,6,False,True,False,False,False,False,False,False,False,False,False,False,False,False,False,False,False,False,False,False,False,False,False,False,False,False,False,False,False,False,False,False,False,False,False,False,False,False,False,False,True,False,False,False,False,False,False,False,False,False
-0.2857549222142652,0.4011987891394531,1.2765063688471459,0.7332867226673154,1,0,-0.15756548485918323,0.2744106387558345,-0.5767292511256291,0.2676495139896367,6,False,True,False,False,False,False,False,False,False,False,False,False,False,False,False,False,False,False,False,False,False,False,False,False,False,False,False,False,False,False,False,False,False,False,False,False,False,False,False,False,True,False,False,False,False,False,False,False,False,False
-0.40195992173302375,0.25545613968491226,-0.475457482687542,-0.21516646301991132,1,0,-0.813557890386719,-0.45375634377573304,-0.3333338895310604,0.5468016049114753,5,False,True,False,False,False,False,False,False,False,False,False,False,False,False,False,False,False,False,False,False,False,False,False,False,False,False,False,False,False,False,False,False,False,False,False,False,False,False,False,False,True,False,False,False,False,False,False,False,False,False
-0.3779554053058311,0.17383319307501224,0.16162028150689,-0.09660981480900797,1,0,0.6806470333148894,-0.325835117114782,-0.5767292511256291,0.6026320230958431,6,False,True,False,False,False,False,False,False,False,False,False,False,False,False,False,False,False,False,False,False,False,False,False,False,False,False,False,False,False,False,False,False,False,False,False,False,False,False,False,False,True,False,False,False,False,False,False,False,False,False
-0.3478344491328869,0.3380362330996582,-0.475457482687542,-0.3930014353362663,0,0,-0.6313377777401805,-0.4020958483934259,-1.0229540807156703,0.6584624412802108,6,False,True,False,False,False,False,False,False,False,False,False,False,False,False,False,False,False,False,False,False,False,False,False,False,False,False,False,False,False,False,False,False,False,False,False,False,False,False,False,False,True,False,False,False,False,False,False,False,False,False
-0.3602897288811339,0.022767175608512602,-0.63472692373615,-0.5115580835471697,1,0,-1.1415540931504862,-0.5127969099269413,-0.9553442580505125,0.7980384867411301,6,False,True,False,True,False,False,False,False,False,False,False,False,False,False,False,False,False,False,False,False,False,False,False,False,False,False,False,False,False,False,False,False,False,False,False,False,False,False,False,False,False,False,False,False,False,False,False,False,False,False
-0.19270464514556956,-0.026552066337752415,-0.63472692373615,-0.5708364076526213,1,0,-0.6677818002694889,-0.544777216592179,-0.9147783644514181,0.825953695833314,6,False,True,False,True,False,False,False,False,False,False,False,False,False,False,False,False,False,False,False,False,False,False,False,False,False,False,False,False,False,False,False,False,False,False,False,False,False,False,False,False,False,False,False,False,False,False,False,False,False,False
-0.3320366752536347,0.044446976948738996,0.320889722555498,-0.15588813891445966,1,0,-0.8500019129160258,-0.438996202237931,0.07232504645988642,0.7980384867411301,5,False,True,False,True,False,False,False,False,False,False,False,False,False,False,False,False,False,False,False,False,False,False,False,False,False,False,False,False,False,False,False,False,False,False,False,False,False,False,False,False,False,False,False,False,False,False,False,False,False,False
-0.18020479880891097,-0.10027337639553695,-0.63472692373615,-0.5708364076526213,0,0,-0.4855616876229503,-0.3701155417281881,-0.5632072865925973,0.7980384867411301,6,False,True,False,True,False,False,False,False,False,False,False,False,False,False,False,False,False,False,False,False,False,False,False,False,False,False,False,False,False,False,False,False,False,False,False,False,False,False,False,False,False,False,False,False,False,False,False,False,False,False
-0.23286433352997227,-0.0599008998121526,-0.63472692373615,-0.630114731758073,1,0,-1.2873301832677162,-0.5029568155684065,-0.5902512156586599,0.6026320230958431,6,False,True,False,True,False,False,False,False,False,False,False,False,False,False,False,False,False,False,False,False,False,False,False,False,False,False,False,False,False,False,False,False,False,False,False,False,False,False,False,False,False,False,False,False,False,False,False,False,False,False
-0.21932474435877441,-0.023123812467081596,2.232123015138794,1.029678343194574,1,0,0.06109865031666202,0.918936819239857,0.1264129045920125,-0.4860611314993276,5,False,True,False,True,False,False,False,False,False,False,False,False,False,False,False,False,False,False,False,False,False,False,False,False,False,False,False,False,False,False,False,False,False,False,False,False,False,False,False,False,False,False,False,False,False,False,False,False,False,False
-0.20817530891957553,-0.0020525787041059565,-0.156918600590326,0.14050348161279871,1,0,-0.5220057101522587,-0.02079219200020641,0.31572040805445417,-0.45814592240714375,4,False,True,False,True,False,False,False,False,False,False,False,False,False,False,False,False,False,False,False,False,False,False,False,False,False,False,False,False,False,False,False,False,False,False,False,False,False,False,False,False,False,False,False,False,False,False,False,False,False,False
-0.1976316329345385,-0.0381839572791158,0.48015916360410604,0.43689510214005706,1,0,0.7535350783735029,0.7319750264276977,-0.5361633575265339,-1.2118565678961082,5,False,True,False,True,False,False,False,False,False,False,False,False,False,False,False,False,False,False,False,False,False,False,False,False,False,False,False,False,False,False,False,False,False,False,False,False,False,False,False,False,False,False,False,False,False,False,False,False,False,False
-0.21868783156125432,-0.04002366406718966,0.7986980457013221,0.2590601298237021,1,0,0.6077589882562744,0.926316890008758,-0.17107031513468227,-1.1560261497117403,5,False,True,False,True,False,False,False,False,False,False,False,False,False,False,False,False,False,False,False,False,False,False,False,False,False,False,False,False,False,False,False,False,False,False,False,False,False,False,False,False,False,False,False,False,False,False,False,False,False,False
-0.25389586909319484,-0.06485285589601592,-0.31618804163893405,0.02194683340189537,1,0,-0.37622962003502847,-0.26433452737394014,-0.21163620873377656,-0.17899383148530512,5,False,True,False,True,False,False,False,False,False,False,False,False,False,False,False,False,False,False,False,False,False,False,False,False,False,False,False,False,False,False,False,False,False,False,False,False,False,False,False,False,False,False,False,False,False,False,False,False,False,False
-0.2278200880180912,-0.04665245367557503,2.3913924561874023,1.5039049360381873,1,0,-0.011789394741953068,1.7405846981775042,1.1540822091024114,-0.45814592240714375,3,False,True,False,True,False,False,False,False,False,False,False,False,False,False,False,False,False,False,False,False,False,False,False,False,False,False,False,False,False,False,False,False,False,False,False,False,False,False,False,False,False,False,False,False,False,False,False,False,False,False
-0.21705055029371456,-0.08385696917395864,-0.156918600590326,-0.3930014353362663,1,0,-0.7042258227987955,-0.40701589557269324,-0.8471685417862603,-1.3793478224492113,6,False,True,False,True,False,False,False,False,False,False,False,False,False,False,False,False,False,False,False,False,False,False,False,False,False,False,False,False,False,False,False,False,False,False,False,False,False,False,False,False,False,False,False,False,False,False,False,False,False,False
-0.23224862231334661,-0.06698969222655575,0.7986980457013221,0.19978180571825038,1,0,-0.7771138678574107,0.030868303382100747,-0.08993852793649271,-0.17899383148530512,5,False,True,False,True,False,False,False,False,False,False,False,False,False,False,False,False,False,False,False,False,False,False,False,False,False,False,False,False,False,False,False,False,False,False,False,False,False,False,False,False,False,False,False,False,False,False,False,False,False,False
-0.22410808062004167,-0.011138775758026433,0.16162028150689,-0.09660981480900797,1,0,-1.6153263860314833,-0.2815546925013759,-0.8877344353853547,-0.4860611314993276,6,False,True,False,True,False,False,False,False,False,False,False,False,False,False,False,False,False,False,False,False,False,False,False,False,False,False,False,False,False,False,False,False,False,False,False,False,False,False,False,False,False,False,False,False,False,False,False,False,False,False
-0.2308030206445189,-0.05484208668996331,-0.156918600590326,-0.27444478712536297,1,0,-0.08467743980056815,0.04070839774063544,-0.4820754993944078,-0.17899383148530512,5,False,True,False,True,False,False,False,False,False,False,False,False,False,False,False,False,False,False,False,False,False,False,False,False,False,False,False,False,False,False,False,False,False,False,False,False,False,False,False,False,False,False,False,False,False,False,False,False,False,False
-0.22339501520542843,-0.04733530363844661,1.595045250944362,1.3260699637218323,1,0,0.5348709431976593,1.7676449576634745,1.1540822091024114,-0.6814675951446146,3,False,True,False,True,False,False,False,False,False,False,False,False,False,False,False,False,False,False,False,False,False,False,False,False,False,False,False,False,False,False,False,False,False,False,False,False,False,False,False,False,False,False,False,False,False,False,False,False,False,False
-0.38175005560083886,-0.07483105044935469,1.435775809895754,0.3183384539291537,1,1,-0.1940095073884916,0.5523933043844397,-0.6578610383238177,-0.4860611314993276,6,False,True,False,True,False,False,False,False,False,False,False,False,False,False,False,False,False,False,False,False,False,False,False,False,False,False,False,False,False,False,False,False,False,False,False,False,False,False,False,False,False,False,False,False,False,False,False,False,False,False
-0.22905843341652773,-0.04326134099771462,2.232123015138794,2.037409852987252,1,0,0.09754267284596875,1.8685059248384552,1.0459064928381583,-0.6535523860524308,3,False,True,False,True,False,False,False,False,False,False,False,False,False,False,False,False,False,False,False,False,False,False,False,False,False,False,False,False,False,False,False,False,False,False,False,False,False,False,False,False,False,False,False,False,False,False,False,False,False,False
-0.21705055029371456,-0.08385696917395864,-0.63472692373615,-0.452279759441718,1,0,0.17043071790458383,-0.4094759191623269,-0.41446567672925,0.15598867762090124,5,False,True,False,True,False,False,False,False,False,False,False,False,False,False,False,False,False,False,False,False,False,False,False,False,False,False,False,False,False,False,False,False,False,False,False,False,False,False,False,False,False,False,False,False,False,False,False,False,False,False
-0.2418023142761511,-0.04144507578215275,-0.63472692373615,-0.5115580835471697,1,0,-0.1940095073884916,-0.4931167212098718,2.019487939216431,0.2955647230818206,2,False,True,False,True,False,False,False,False,False,False,False,False,False,False,False,False,False,False,False,False,False,False,False,False,False,False,False,False,False,False,False,False,False,False,False,False,False,False,False,False,False,False,False,False,False,False,False,False,False,False
-0.22064183848625626,-0.02389951541197487,0.002350840458282005,0.02194683340189537,1,0,0.27976278549250727,0.3629714879826467,1.3163457834987895,0.46305597763492373,3,False,True,False,True,False,False,False,False,False,False,False,False,False,False,False,False,False,False,False,False,False,False,False,False,False,False,False,False,False,False,False,False,False,False,False,False,False,False,False,False,False,False,False,False,False,False,False,False,False,False
-0.20567482042985277,-0.0648157147032055,-0.63472692373615,-0.630114731758073,1,0,-0.5948937552108737,-0.4512963201860994,-0.04937263433739744,0.5188863958192915,5,False,True,False,True,False,False,False,False,False,False,False,False,False,False,False,False,False,False,False,False,False,False,False,False,False,False,False,False,False,False,False,False,False,False,False,False,False,False,False,False,False,False,False,False,False,False,False,False,False,False
-0.32287110202682,0.03073396146604707,-0.31618804163893405,-0.33372311123081466,1,1,-0.04823341727126142,-0.4931167212098718,-1.0094321161826385,0.5747168140036593,6,False,True,False,True,False,False,False,False,False,False,False,False,False,False,False,False,False,False,False,False,False,False,False,False,False,False,False,False,False,False,False,False,False,False,False,False,False,False,False,False,False,False,False,False,False,False,False,False,False,False
-0.23297510097301935,-0.006043125879032591,0.16162028150689,-0.33372311123081466,1,0,-0.9228899579746408,0.016108161844298703,-0.7930806836541333,0.6584624412802108,6,False,True,False,True,False,False,False,False,False,False,False,False,False,False,False,False,False,False,False,False,False,False,False,False,False,False,False,False,False,False,False,False,False,False,False,False,False,False,False,False,False,False,False,False,False,False,False,False,False,False
-0.38454303936985695,0.08869827269261288,-0.31618804163893405,-0.452279759441718,1,0,-0.9957780030332559,-0.49065669762023817,-0.6037731801916917,0.6863776503723946,6,False,True,False,True,False,False,False,False,False,False,False,False,False,False,False,False,False,False,False,False,False,False,False,False,False,False,False,False,False,False,False,False,False,False,False,False,False,False,False,False,False,False,False,False,False,False,False,False,False,False
-0.214085790450912,-0.040279085876757284,-0.475457482687542,-0.5115580835471697,0,0,-0.9957780030332559,-0.46113641454463405,-1.036476045248702,0.825953695833314,6,False,True,False,True,False,False,False,False,False,False,False,False,False,False,False,False,False,False,False,False,False,False,False,False,False,False,False,False,False,False,False,False,False,False,False,False,False,False,False,False,False,False,False,False,False,False,False,False,False,False
-0.27340218888790085,-0.066315975343886,-0.475457482687542,-0.5708364076526213,1,0,-0.23045352991779833,-0.45621636736536675,-0.6713830028568495,0.8538689049254978,6,False,True,False,True,False,False,False,False,False,False,False,False,False,False,False,False,False,False,False,False,False,False,False,False,False,False,False,False,False,False,False,False,False,False,False,False,False,False,False,False,False,False,False,False,False,False,False,False,False,False
-0.1579617443373616,-0.03387770996532231,-0.63472692373615,-0.630114731758073,1,0,-0.9593339805039491,-0.5570773345403474,-0.9553442580505125,0.7422080685567624,6,False,True,False,True,False,False,False,False,False,False,False,False,False,False,False,False,False,False,False,False,False,False,False,False,False,False,False,False,False,False,False,False,False,False,False,False,False,False,False,False,False,False,False,False,False,False,False,False,False,False
-0.2631112011323163,-0.04426019553546757,-0.63472692373615,-0.5708364076526213,0,0,1.445971506430347,-0.3159950227562473,-1.0499980097817339,0.7422080685567624,6,False,True,False,True,False,False,False,False,False,False,False,False,False,False,False,False,False,False,False,False,False,False,False,False,False,False,False,False,False,False,False,False,False,False,False,False,False,False,False,False,False,False,False,False,False,False,False,False,False,False
-0.2124718741908894,-0.05825176996423325,1.2765063688471459,0.5554517503509604,1,0,0.06109865031666202,1.3396008530672152,0.721379344045401,-0.6814675951446146,4,False,True,False,True,False,False,False,False,False,False,False,False,False,False,False,False,False,False,False,False,False,False,False,False,False,False,False,False,False,False,False,False,False,False,False,False,False,False,False,False,False,False,False,False,False,False,False,False,False,False
-0.2998838287972961,0.007512191752233168,-0.7939963647847581,-0.5115580835471697,0,0,-1.4695502959142532,-0.37995563608672284,-0.9147783644514181,-0.12316341330093739,6,False,True,False,True,False,False,False,False,False,False,False,False,False,False,False,False,False,False,False,False,False,False,False,False,False,False,False,False,False,False,False,False,False,False,False,False,False,False,False,False,False,False,False,False,False,False,False,False,False,False
-0.2744371721838714,-0.04454819199774036,-0.63472692373615,-0.452279759441718,1,0,-0.8500019129160258,-0.3086149519873463,-0.4279876412622817,-0.206909040577489,5,False,True,False,True,False,False,False,False,False,False,False,False,False,False,False,False,False,False,False,False,False,False,False,False,False,False,False,False,False,False,False,False,False,False,False,False,False,False,False,False,False,False,False,False,False,False,False,False,False,False
-0.1690138255785698,-0.031513459937823424,1.1172369277985381,2.2152448253036074,1,0,-0.3033415749764134,0.7959356397581733,0.09936897552594898,-0.17899383148530512,5,False,True,False,True,False,False,False,False,False,False,False,False,False,False,False,False,False,False,False,False,False,False,False,False,False,False,False,False,False,False,False,False,False,False,False,False,False,False,False,False,False,False,False,False,False,False,False,False,False,False
-0.25714923004737683,-0.035693975180884185,-0.156918600590326,-0.21516646301991132,1,0,-0.3033415749764134,-0.09213287609958296,1.1676041736354432,-0.06733299511656966,3,False,True,False,True,False,False,False,False,False,False,False,False,False,False,False,False,False,False,False,False,False,False,False,False,False,False,False,False,False,False,False,False,False,False,False,False,False,False,False,False,False,False,False,False,False,False,False,False,False,False
-0.1770323500103939,-0.07241078419663866,0.16162028150689,-0.21516646301991132,1,0,-0.3397855975057201,-0.29877485762881156,-0.8742124708523229,-0.011502576932201934,6,False,True,False,True,False,False,False,False,False,False,False,False,False,False,False,False,False,False,False,False,False,False,False,False,False,False,False,False,False,False,False,False,False,False,False,False,False,False,False,False,False,False,False,False,False,False,False,False,False,False
-0.20461647212636508,-0.021386396177237133,-0.31618804163893405,-0.452279759441718,1,0,-0.1940095073884916,-0.42669608428976263,1.6408729322915478,0.01641263215998193,2,False,True,False,True,False,False,False,False,False,False,False,False,False,False,False,False,False,False,False,False,False,False,False,False,False,False,False,False,False,False,False,False,False,False,False,False,False,False,False,False,False,False,False,False,False,False,False,False,False,False
-0.21918931385223714,-0.026575203474258537,1.435775809895754,0.43689510214005706,1,0,0.09754267284596875,1.3174606407605123,0.18050076272413854,0.1280734685287174,4,False,True,False,True,False,False,False,False,False,False,False,False,False,False,False,False,False,False,False,False,False,False,False,False,False,False,False,False,False,False,False,False,False,False,False,False,False,False,False,False,False,False,False,False,False,False,False,False,False,False
-0.14955553385487108,-0.05035013341211777,0.16162028150689,-0.15588813891445966,1,0,-1.5788823635021765,-0.3824156596763565,-0.6443390737907869,0.21181909580526898,6,False,True,False,True,False,False,False,False,False,False,False,False,False,False,False,False,False,False,False,False,False,False,False,False,False,False,False,False,False,False,False,False,False,False,False,False,False,False,False,False,False,False,False,False,False,False,False,False,False,False
-0.22064183848625626,-0.02389951541197487,0.320889722555498,-0.15588813891445966,1,0,1.26375139378381,0.13418929414671507,1.2757798898996953,0.8538689049254978,3,False,True,False,True,False,False,False,False,False,False,False,False,False,False,False,False,False,False,False,False,False,False,False,False,False,False,False,False,False,False,False,False,False,False,False,False,False,False,False,False,False,False,False,False,False,False,False,False,False,False
-0.24439842622256516,0.000632242438370892,-0.63472692373615,-0.5708364076526213,1,0,0.24331876296319893,-0.48819667403060446,-0.2792460313989344,0.9096993231098656,5,False,True,False,True,False,False,False,False,False,False,False,False,False,False,False,False,False,False,False,False,False,False,False,False,False,False,False,False,False,False,False,False,False,False,False,False,False,False,False,False,False,False,False,False,False,False,False,False,False,False
-0.1578544383769102,-0.10269820918835823,-0.475457482687542,-0.5708364076526213,0,0,-1.2508861607384079,-0.49557674479950553,-0.7660367545880707,1.021360159478601,6,False,True,False,True,False,False,False,False,False,False,False,False,False,False,False,False,False,False,False,False,False,False,False,False,False,False,False,False,False,False,False,False,False,False,False,False,False,False,False,False,False,False,False,False,False,False,False,False,False,False
-0.30747139864601514,0.020272626970175744,-0.7939963647847581,-0.6893930558635247,0,0,1.0450872586079631,-0.4783565796720698,-1.0229540807156703,1.1609362049395204,6,False,True,False,True,False,False,False,False,False,False,False,False,False,False,False,False,False,False,False,False,False,False,False,False,False,False,False,False,False,False,False,False,False,False,False,False,False,False,False,False,False,False,False,False,False,False,False,False,False,False
-0.1508661377024879,-0.09349602201591858,-0.7939963647847581,-0.6893930558635247,0,0,0.6806470333148894,-0.5718374760781494,-0.10346049246952445,1.3005122504004396,5,False,True,False,True,False,False,False,False,False,False,False,False,False,False,False,False,False,False,False,False,False,False,False,False,False,False,False,False,False,False,False,False,False,False,False,False,False,False,False,False,False,False,False,False,False,False,False,False,False,False
-0.22447629583110995,-0.05667692250192606,-0.7939963647847581,-0.6893930558635247,0,0,1.11797530366658,-0.5644574053092484,-0.7525147900550391,-2.02139763156944,6,False,True,False,True,False,False,False,False,False,False,False,False,False,False,False,False,False,False,False,False,False,False,False,False,False,False,False,False,False,False,False,False,False,False,False,False,False,False,False,False,False,False,False,False,False,False,False,False,False,False
-0.2149922662055336,-0.0707616543487193,-0.63472692373615,-0.5708364076526213,0,0,4.3250492862456404,-0.5792175468470504,-0.3130509427315133,1.412173086769175,6,False,True,False,True,False,False,False,False,False,False,False,False,False,False,False,False,False,False,False,False,False,False,False,False,False,False,False,False,False,False,False,False,False,False,False,False,False,False,False,False,False,False,False,False,False,False,False,False,False,False
-0.2782019671914969,-0.15630056131191927,-0.63472692373615,-0.630114731758073,0,0,-0.5948937552108737,-0.5029568155684065,-0.8877344353853547,0.46305597763492373,6,False,True,False,False,False,False,False,False,False,False,False,False,False,False,False,False,False,False,False,False,False,False,False,False,False,True,False,False,False,False,False,False,False,False,False,False,False,False,False,False,False,False,False,False,False,False,False,False,False,False
-0.5092464113452017,-0.11936577611540479,0.002350840458282005,-0.09660981480900797,1,0,0.316206808021814,-0.14379337148189011,-0.22515817326680831,-0.23482424966967286,5,False,True,False,False,False,False,False,False,False,False,False,False,False,False,False,False,False,False,False,False,False,False,False,False,False,True,False,False,False,False,False,False,False,False,False,False,False,False,False,False,False,False,False,False,False,False,False,False,False,False
-0.34917447558256265,-0.15807998977067658,0.002350840458282005,0.08122515750734705,1,0,-0.813557890386719,-0.18561377250566258,-0.21163620873377656,0.5468016049114753,5,False,True,False,False,False,False,False,False,False,False,False,False,False,False,False,False,False,False,False,False,False,False,False,False,False,True,False,False,False,False,False,False,False,False,False,False,False,False,False,False,False,False,False,False,False,False,False,False,False,False
-0.3681758516036901,-0.1778458019372083,-0.31618804163893405,-0.5115580835471697,1,0,-1.1051100706211794,-0.5300170750543769,-0.6849049673898813,0.6584624412802108,6,False,True,False,False,False,False,False,False,False,False,False,False,False,False,False,False,False,False,False,False,False,False,False,False,False,True,False,False,False,False,False,False,False,False,False,False,False,False,False,False,False,False,False,False,False,False,False,False,False,False
-0.2782019671914969,-0.15630056131191927,-0.63472692373615,-0.5708364076526213,1,0,-0.1940095073884916,-0.4783565796720698,-0.10346049246952445,0.9934449503864172,5,False,True,False,False,False,False,False,False,False,False,False,False,False,False,False,False,False,False,False,False,False,False,False,False,False,True,False,False,False,False,False,False,False,False,False,False,False,False,False,False,False,False,False,False,False,False,False,False,False,False
-0.24156433734773114,-0.37038513658707745,-0.7939963647847581,-0.6893930558635247,0,0,-0.23045352991779833,-0.49557674479950553,1.343389712564853,0.6026320230958431,3,False,True,False,False,False,False,False,False,False,False,False,False,False,False,False,False,False,False,False,False,False,False,False,False,False,False,False,False,False,False,False,False,False,False,False,False,False,False,True,False,False,False,False,False,False,False,False,False,False,False
-0.19909540738699133,-0.2783194260777156,-0.31618804163893405,-0.5115580835471697,1,0,-1.5424383409728681,-0.5078768627476739,-1.0229540807156703,0.8817841140176818,6,False,True,False,False,False,False,False,False,False,False,False,False,False,False,False,False,False,False,False,False,False,False,False,False,False,False,False,False,False,False,False,False,False,False,False,False,False,False,True,False,False,False,False,False,False,False,False,False,False,False
-0.13343930357686037,-0.25519507588602003,-0.63472692373615,-0.5115580835471697,1,0,-0.1940095073884916,-0.446376273006832,-0.3738997831301557,0.8817841140176818,5,False,True,False,False,False,False,False,False,False,False,False,False,False,False,False,False,False,False,False,False,False,False,False,False,False,False,False,False,False,False,False,False,False,False,False,False,False,False,True,False,False,False,False,False,False,False,False,False,False,False
-0.18950580254226299,-0.35652355633314387,-0.63472692373615,-0.630114731758073,1,0,0.24331876296319893,-0.44145622582756466,-0.9553442580505125,0.9096993231098656,6,False,True,False,False,False,False,False,False,False,False,False,False,False,False,False,False,False,False,False,False,False,False,False,False,False,False,False,False,False,False,False,False,False,False,False,False,False,False,True,False,False,False,False,False,False,False,False,False,False,False
-0.24971180200622442,-0.28452078753278837,-0.7939963647847581,-0.630114731758073,0,0,-0.6677818002694889,-0.5004967919787728,-0.8201246127201969,1.049275368570785,6,False,True,False,False,False,False,False,False,False,False,False,False,False,False,False,False,False,False,False,False,False,False,False,False,False,False,False,False,False,False,False,False,False,False,False,False,False,False,True,False,False,False,False,False,False,False,False,False,False,False
-0.23060831224853753,-0.2566630663100012,-0.7939963647847581,-0.630114731758073,0,0,4.3250492862456404,-0.5792175468470504,-0.7119488964559447,1.3842578776769914,6,False,True,False,False,False,False,False,False,False,False,False,False,False,False,False,False,False,False,False,False,False,False,False,False,False,False,False,False,False,False,False,False,False,False,False,False,False,False,True,False,False,False,False,False,False,False,False,False,False,False
-0.2795190613189788,-0.414288157539362,-0.63472692373615,-0.630114731758073,0,0,0.1339866953752771,-0.4586763909550004,-1.0229540807156703,0.7980384867411301,6,False,True,False,False,False,False,False,False,False,False,False,False,False,False,False,False,False,False,False,False,False,False,False,False,True,False,False,False,False,False,False,False,False,False,False,False,False,False,False,False,False,False,False,False,False,False,False,False,False,False
-0.26945912752662277,-0.413902437118965,-0.156918600590326,0.3183384539291537,1,0,0.24331876296319893,-0.08475280533068194,-0.7254708609889755,-1.3235174042648437,6,False,True,False,False,False,False,False,False,False,False,False,False,False,False,False,False,False,False,False,False,False,False,False,False,True,False,False,False,False,False,False,False,False,False,False,False,False,False,False,False,False,False,False,False,False,False,False,False,False,False
-0.28607510935432,-0.42611519196097647,-0.31618804163893405,0.08122515750734705,1,0,-0.011789394741953068,0.28425073311436916,0.24811058538929634,-0.31856987694622446,4,False,True,False,False,False,False,False,False,False,False,False,False,False,False,False,False,False,False,False,False,False,False,False,False,True,False,False,False,False,False,False,False,False,False,False,False,False,False,False,False,False,False,False,False,False,False,False,False,False,False
-0.2591629475471462,-0.41537986505914526,2.3913924561874023,1.6224615842490906,1,1,-0.011789394741953068,1.1969194848684621,0.437418088851738,-0.15107862239312125,4,False,True,False,False,False,False,False,False,False,False,False,False,False,False,False,False,False,False,False,False,False,False,False,False,True,False,False,False,False,False,False,False,False,False,False,False,False,False,False,False,False,False,False,False,False,False,False,False,False,False
-0.29234082553699164,-0.4080030761824607,0.639428604652714,0.6740083985618638,1,0,0.35265083055112234,1.3543609946050172,0.8025111312435905,-1.4072630315413952,4,False,True,False,False,False,False,False,False,False,False,False,False,False,False,False,False,False,False,False,False,False,False,False,False,True,False,False,False,False,False,False,False,False,False,False,False,False,False,False,False,False,False,False,False,False,False,False,False,False,False
-0.2918358817634131,-0.3984800134590372,-0.63472692373615,-0.5708364076526213,1,0,0.5713149657269676,-0.11181306481665235,1.4109995352300109,-1.435178240633579,3,False,True,False,False,False,False,False,False,False,False,False,False,False,False,False,False,False,False,False,False,False,False,False,False,True,False,False,False,False,False,False,False,False,False,False,False,False,False,False,False,False,False,False,False,False,False,False,False,False,False
-0.2891865495220997,-0.4262868938687242,0.002350840458282005,-0.21516646301991132,1,0,-0.08467743980056815,-0.23481424429833606,-0.9688662225835443,-0.7372980133289824,6,False,True,False,False,False,False,False,False,False,False,False,False,False,False,False,False,False,False,False,False,False,False,False,False,True,False,False,False,False,False,False,False,False,False,False,False,False,False,False,False,False,False,False,False,False,False,False,False,False,False
-0.3256095674449627,-0.41158446136446974,-0.7939963647847581,-0.630114731758073,0,0,0.5713149657269676,-0.5619973817196147,-1.090563903380828,-1.1560261497117403,6,False,True,False,False,False,False,False,False,False,False,False,False,False,False,False,False,False,False,False,False,False,False,False,False,True,False,False,False,False,False,False,False,False,False,False,False,False,False,False,False,False,False,False,False,False,False,False,False,False,False
-0.3015756284157112,-0.3937834791847329,1.435775809895754,0.5554517503509604,1,1,0.4619828981390442,0.24981040285949774,0.2210666563232338,-0.09524820420875353,4,False,True,False,False,False,False,False,False,False,False,False,False,False,False,False,False,False,False,False,False,False,False,False,False,True,False,False,False,False,False,False,False,False,False,False,False,False,False,False,False,False,False,False,False,False,False,False,False,False,False
-0.3015756284157112,-0.3937834791847329,3.8248174256248744,3.341532983307189,1,0,0.8993111684907331,4.365429868316634,2.1547075845467467,-1.8539063770163369,2,False,True,False,False,False,False,False,False,False,False,False,False,False,False,False,False,False,False,False,False,False,False,False,False,True,False,False,False,False,False,False,False,False,False,False,False,False,False,False,False,False,False,False,False,False,False,False,False,False,False
-0.3724507826087862,-0.40975875863270883,0.95796748674993,0.43689510214005706,1,0,1.2273073712545033,1.2116796264062641,0.6943354149793385,-1.6305847042788661,4,False,True,False,False,False,False,False,False,False,False,False,False,False,False,False,False,False,False,False,False,False,False,False,False,True,False,False,False,False,False,False,False,False,False,False,False,False,False,False,False,False,False,False,False,False,False,False,False,False,False
-0.26571726484119107,-0.4105719072064184,-0.156918600590326,-0.21516646301991132,1,0,0.6077589882562744,-0.31845504634588095,-1.0229540807156703,-0.2627394587618567,6,False,True,False,False,False,False,False,False,False,False,False,False,False,False,False,False,False,False,False,False,False,False,False,False,True,False,False,False,False,False,False,False,False,False,False,False,False,False,False,False,False,False,False,False,False,False,False,False,False,False
-0.280418614108409,-0.42388063167230383,-0.31618804163893405,-0.15588813891445966,1,0,0.06109865031666202,-0.33813523506295035,-1.0229540807156703,-1.6584999133710498,6,False,True,False,False,False,False,False,False,False,False,False,False,False,False,False,False,False,False,False,False,False,False,False,False,True,False,False,False,False,False,False,False,False,False,False,False,False,False,False,False,False,False,False,False,False,False,False,False,False,False
-0.269058028230903,-0.4205315311633563,2.5506618972360102,1.7410182324599939,1,1,0.27976278549250727,0.6606343423283213,0.08584701099291818,-1.6305847042788661,5,False,True,False,False,False,False,False,False,False,False,False,False,False,False,False,False,False,False,False,False,False,False,False,False,True,False,False,False,False,False,False,False,False,False,False,False,False,False,False,False,False,False,False,False,False,False,False,False,False,False
-0.28390822124971465,-0.4190495366830794,4.9397035129651305,2.630193094041769,1,0,0.316206808021814,5.4503002713450845,1.6679168613576103,-1.9655672133850723,2,False,True,False,False,False,False,False,False,False,False,False,False,False,False,False,False,False,False,False,False,False,False,False,False,True,False,False,False,False,False,False,False,False,False,False,False,False,False,False,False,False,False,False,False,False,False,False,False,False,False
-0.3034790111577568,-0.4115798948243731,2.5506618972360102,2.808028066358124,1,0,0.1339866953752771,2.567152624294419,0.4509400533847698,-1.3514326133570274,4,False,True,False,False,False,False,False,False,False,False,False,False,False,False,False,False,False,False,False,False,False,False,False,False,True,False,False,False,False,False,False,False,False,False,False,False,False,False,False,False,False,False,False,False,False,False,False,False,False,False
-0.28344092109935937,-0.42609175038847313,0.639428604652714,0.2590601298237021,1,0,-1.1051100706211794,-0.29877485762881156,-0.7254708609889755,-0.0394177860243858,6,False,True,False,False,False,False,False,False,False,False,False,False,False,False,False,False,False,False,False,False,False,False,False,False,True,False,False,False,False,False,False,False,False,False,False,False,False,False,False,False,False,False,False,False,False,False,False,False,False,False
-0.25541459458184945,-0.4106090483992288,0.7986980457013221,0.2590601298237021,1,0,0.38909485308042907,-0.19545386686419727,0.20754469179020205,0.21181909580526898,4,False,True,False,False,False,False,False,False,False,False,False,False,False,False,False,False,False,False,False,False,False,False,False,False,True,False,False,False,False,False,False,False,False,False,False,False,False,False,False,False,False,False,False,False,False,False,False,False,False,False
-0.21285133922039137,-0.49662652876484736,-0.156918600590326,-0.27444478712536297,1,0,-0.1211214623298765,-0.5127969099269413,-0.9147783644514181,0.3513951412661883,6,False,True,False,False,False,False,False,False,False,False,False,False,False,False,False,False,False,False,False,False,False,False,False,False,True,False,False,False,False,False,False,False,False,False,False,False,False,False,False,False,False,False,False,False,False,False,False,False,False,False
-0.2717549558579035,-0.4030882612914078,-0.475457482687542,0.3183384539291537,1,1,0.24331876296319893,-0.12165315917518704,-0.22515817326680831,0.5468016049114753,5,False,True,False,False,False,False,False,False,False,False,False,False,False,False,False,False,False,False,False,False,False,False,False,False,True,False,False,False,False,False,False,False,False,False,False,False,False,False,False,False,False,False,False,False,False,False,False,False,False,False
-0.3249627028849819,-0.4059916674866564,-0.31618804163893405,-0.5115580835471697,1,0,-0.1940095073884916,-0.2692545745532075,-1.0770419388477963,0.6863776503723946,6,False,True,False,False,False,False,False,False,False,False,False,False,False,False,False,False,False,False,False,False,False,False,False,False,True,False,False,False,False,False,False,False,False,False,False,False,False,False,False,False,False,False,False,False,False,False,False,False,False,False
-0.2822294021910326,-0.43541023211544644,-0.63472692373615,-0.5708364076526213,1,0,0.42553887560973747,-0.4857366504409708,-0.2792460313989344,0.825953695833314,5,False,True,False,False,False,False,False,False,False,False,False,False,False,False,False,False,False,False,False,False,False,False,False,False,True,False,False,False,False,False,False,False,False,False,False,False,False,False,False,False,False,False,False,False,False,False,False,False,False,False
-0.2746928892105932,-0.40776592053329674,-0.7939963647847581,-0.6893930558635247,1,0,0.024654627787353667,-0.34428529403703456,-0.3130509427315133,0.9376145322020495,6,False,True,False,False,False,False,False,False,False,False,False,False,False,False,False,False,False,False,False,False,False,False,False,False,True,False,False,False,False,False,False,False,False,False,False,False,False,False,False,False,False,False,False,False,False,False,False,False,False,False
-0.24343613406109516,-0.49902822442116257,-0.7939963647847581,-0.6893930558635247,0,0,0.17043071790458383,-0.5324770986440106,-0.008806740738303138,0.9934449503864172,5,False,True,False,False,False,False,False,False,False,False,False,False,False,False,False,False,False,False,False,False,False,False,False,False,True,False,False,False,False,False,False,False,False,False,False,False,False,False,False,False,False,False,False,False,False,False,False,False,False,False
-0.28457498933461994,-0.40743621633811694,-0.7939963647847581,-0.630114731758073,0,0,0.024654627787353667,-0.46359643813426776,-1.0770419388477963,1.1051057867551526,6,False,True,False,False,False,False,False,False,False,False,False,False,False,False,False,False,False,False,False,False,False,False,False,False,True,False,False,False,False,False,False,False,False,False,False,False,False,False,False,False,False,False,False,False,False,False,False,False,False,False
-0.28457498933461994,-0.40743621633811694,-0.475457482687542,-0.5708364076526213,1,0,0.7899791009028129,-0.5472372401818126,-0.5091194284604713,1.1330209958473365,5,False,True,False,False,False,False,False,False,False,False,False,False,False,False,False,False,False,False,False,False,False,False,False,False,True,False,False,False,False,False,False,False,False,False,False,False,False,False,False,False,False,False,False,False,False,False,False,False,False,False
-0.28892434221550983,-0.4213349377848609,-0.63472692373615,-0.630114731758073,1,0,-2.052654656383174,-0.5152569335165749,-0.14402638606861876,1.1888514140317041,5,False,True,False,False,False,False,False,False,False,False,False,False,False,False,False,False,False,False,False,False,False,False,False,False,True,False,False,False,False,False,False,False,False,False,False,False,False,False,False,False,False,False,False,False,False,False,False,False,False,False
-0.3960291039914395,-0.47937840237315,0.48015916360410604,-0.09660981480900797,1,0,-0.1211214623298765,0.47613257310579576,0.09936897552594898,-0.9885348951586371,5,False,True,False,False,False,False,False,False,False,False,False,False,False,False,False,False,False,False,False,False,False,False,False,False,False,False,False,False,False,False,False,False,False,False,False,True,False,False,False,False,False,False,False,False,False,False,False,False,False,False
-0.40435613305956447,-0.4789555407599426,0.320889722555498,0.7925650467727671,1,0,-0.011789394741953068,0.1317292705570814,0.2751545144553599,-0.8489588496977178,4,False,True,False,False,False,False,False,False,False,False,False,False,False,False,False,False,False,False,False,False,False,False,False,False,False,False,False,False,False,False,False,False,False,False,False,True,False,False,False,False,False,False,False,False,False,False,False,False,False,False
-0.34896678662684816,-0.43908020817537785,-0.31618804163893405,-0.3930014353362663,1,0,-0.7406698453281039,-0.5127969099269413,0.2616325499223281,-1.6584999133710498,4,False,True,False,False,False,False,False,False,False,False,False,False,False,False,False,False,False,False,False,False,False,False,False,False,False,False,False,False,False,False,False,False,False,False,False,True,False,False,False,False,False,False,False,False,False,False,False,False,False,False
-0.445983490064339,-0.5158811928762467,-0.156918600590326,-0.27444478712536297,1,0,-0.08467743980056815,-0.35781542378001974,-1.0229540807156703,-0.34648508603840833,6,False,True,False,False,False,False,False,False,False,False,False,False,False,False,False,False,False,False,False,False,False,False,False,False,False,False,False,False,False,False,False,False,False,False,False,True,False,False,False,False,False,False,False,False,False,False,False,False,False,False
-0.5247287576229678,-0.5067392840331235,0.639428604652714,-0.0373314907035563,1,0,-0.8500019129160258,0.1686296244015865,-0.21163620873377656,-0.31856987694622446,5,False,True,False,False,False,False,False,False,False,False,False,False,False,False,False,False,False,False,False,False,False,False,False,False,False,False,False,False,False,False,False,False,False,False,False,True,False,False,False,False,False,False,False,False,False,False,False,False,False,False
-0.3831779171713678,-0.45834887634309,1.595045250944362,0.9704000190891222,1,0,-0.6313377777401805,0.3162310397796069,0.045281117393822914,0.1280734685287174,5,False,True,False,False,False,False,False,False,False,False,False,False,False,False,False,False,False,False,False,False,False,False,False,False,False,False,False,False,False,False,False,False,False,False,False,True,False,False,False,False,False,False,False,False,False,False,False,False,False,False
-0.5112583981036747,-0.4825463634581594,-0.7939963647847581,-0.6893930558635247,0,0,-0.5584497326815654,-0.5152569335165749,-0.3333338895310604,0.6863776503723946,5,False,True,False,False,False,False,False,False,False,False,False,False,False,False,False,False,False,False,False,False,False,False,False,False,False,False,False,False,False,False,False,False,False,False,False,True,False,False,False,False,False,False,False,False,False,False,False,False,False,False
-0.3519674593515777,-0.45489748533591307,0.002350840458282005,-0.21516646301991132,1,0,1.0815312811372733,-0.5595373581299811,1.8842682938861155,-1.8539063770163369,2,False,True,False,False,False,False,False,False,False,False,False,False,False,False,False,False,False,False,False,False,False,False,False,False,False,False,False,False,False,False,False,False,False,False,False,True,False,False,False,False,False,False,False,False,False,False,False,False,False,False
-0.3945917233437762,-0.5017687573528593,-0.475457482687542,-0.33372311123081466,1,0,0.6806470333148894,-0.29385481044954426,-1.090563903380828,-0.34648508603840833,6,False,True,False,False,False,False,False,False,False,False,False,False,False,False,False,False,False,False,False,False,False,False,False,False,False,False,False,False,False,False,False,False,False,False,False,True,False,False,False,False,False,False,False,False,False,False,False,False,False,False
-0.38591638258951055,-0.4800146736270121,1.1172369277985381,0.08122515750734705,1,1,-0.8500019129160258,-0.10443299404775133,-0.4550315703283443,-0.206909040577489,5,False,True,False,False,False,False,False,False,False,False,False,False,False,False,False,False,False,False,False,False,False,False,False,False,False,False,False,False,False,False,False,False,False,False,False,True,False,False,False,False,False,False,False,False,False,False,False,False,False,False
-0.498851146426435,-0.4530209417910347,-0.475457482687542,0.7332867226673154,1,1,-0.08467743980056815,0.43923221926129064,0.031759152860791166,-0.17899383148530512,5,False,True,False,False,False,False,False,False,False,False,False,False,False,False,False,False,False,False,False,False,False,False,False,False,False,False,False,False,False,False,False,False,False,False,False,True,False,False,False,False,False,False,False,False,False,False,False,False,False,False
-0.4143044340382206,-0.4482778288077209,0.7986980457013221,0.8518433708782188,1,0,-1.2873301832677162,0.0259482562028334,-0.5767292511256291,-0.15107862239312125,6,False,True,False,False,False,False,False,False,False,False,False,False,False,False,False,False,False,False,False,False,False,False,False,False,False,False,False,False,False,False,False,False,False,False,False,True,False,False,False,False,False,False,False,False,False,False,False,False,False,False
-0.4335926804294281,-0.4689125013371821,0.002350840458282005,0.02194683340189537,1,0,0.17043071790458383,-0.10197297045811765,-0.8471685417862603,-1.2676869860804758,6,False,True,False,False,False,False,False,False,False,False,False,False,False,False,False,False,False,False,False,False,False,False,False,False,False,False,False,False,False,False,False,False,False,False,False,True,False,False,False,False,False,False,False,False,False,False,False,False,False,False
-0.43228380732311067,-0.4673005126820731,-0.31618804163893405,-0.33372311123081466,1,0,-0.9228899579746408,-0.19545386686419727,-0.23868013779984007,-1.1839413588039243,5,False,True,False,False,False,False,False,False,False,False,False,False,False,False,False,False,False,False,False,False,False,False,False,False,False,False,False,False,False,False,False,False,False,False,False,True,False,False,False,False,False,False,False,False,False,False,False,False,False,False
-0.5560201275984197,-0.5357492955410164,-0.475457482687542,-0.5115580835471697,1,0,1.1544193261958866,-0.23235422070870237,-0.3062899604649979,-0.15107862239312125,5,False,True,False,False,False,False,False,False,False,False,False,False,False,False,False,False,False,False,False,False,False,False,False,False,False,False,False,False,False,False,False,False,False,False,False,True,False,False,False,False,False,False,False,False,False,False,False,False,False,False
-0.3916105214586448,-0.45387092712154875,0.16162028150689,0.2590601298237021,1,0,-0.1211214623298765,-0.08721282892031561,0.08584701099291818,-0.2627394587618567,5,False,True,False,False,False,False,False,False,False,False,False,False,False,False,False,False,False,False,False,False,False,False,False,False,False,False,False,False,False,False,False,False,False,False,False,True,False,False,False,False,False,False,False,False,False,False,False,False,False,False
-0.5120277126104597,-0.46772794083538577,0.16162028150689,-0.15588813891445966,1,0,-0.1211214623298765,-0.08721282892031561,-0.2522021023328709,-0.12316341330093739,5,False,True,False,False,False,False,False,False,False,False,False,False,False,False,False,False,False,False,False,False,False,False,False,False,False,False,False,False,False,False,False,False,False,False,False,True,False,False,False,False,False,False,False,False,False,False,False,False,False,False
-0.3544086699518563,-0.47496073148092527,0.7986980457013221,0.08122515750734705,1,0,-0.9228899579746408,0.3555914172137457,0.3698082661865802,-0.12316341330093739,4,False,True,False,False,False,False,False,False,False,False,False,False,False,False,False,False,False,False,False,False,False,False,False,False,False,False,False,False,False,False,False,False,False,False,False,True,False,False,False,False,False,False,False,False,False,False,False,False,False,False
-0.38753029884953005,-0.4896771680414754,3.665547984576266,1.8595748806708974,1,0,0.49842692066835254,5.964445201578523,1.6949607904236739,-1.8539063770163369,2,False,True,False,False,False,False,False,False,False,False,False,False,False,False,False,False,False,False,False,False,False,False,False,False,False,False,False,False,False,False,False,False,False,False,False,True,False,False,False,False,False,False,False,False,False,False,False,False,False,False
-0.3662811225681323,-0.4484775388280772,-0.156918600590326,-0.3930014353362663,1,0,0.935755191020043,-0.49065669762023817,1.2757798898996953,-1.1839413588039243,3,False,True,False,False,False,False,False,False,False,False,False,False,False,False,False,False,False,False,False,False,False,False,False,False,False,False,False,False,False,False,False,False,False,False,False,True,False,False,False,False,False,False,False,False,False,False,False,False,False,False
-0.3648320594167089,-0.4419093319850056,-0.156918600590326,-0.33372311123081466,1,0,-0.37622962003502847,2.0554677176506146,0.9377307765739062,-0.12316341330093739,3,False,True,False,False,False,False,False,False,False,False,False,False,False,False,False,False,False,False,False,False,False,False,False,False,False,False,False,False,False,False,False,False,False,False,False,True,False,False,False,False,False,False,False,False,False,False,False,False,False,False
-0.43863865668260854,-0.46623681327490707,3.506278543527658,3.578646279728996,1,1,0.17043071790458383,4.943535411880548,0.8836429184417801,-1.2676869860804758,3,False,True,False,False,False,False,False,False,False,False,False,False,False,False,False,False,False,False,False,False,False,False,False,False,False,False,False,False,False,False,False,False,False,False,False,True,False,False,False,False,False,False,False,False,False,False,False,False,False,False
-0.48424368987461514,-0.4672728090054704,0.002350840458282005,-0.21516646301991132,1,0,0.24331876296319893,0.035788350561368094,-0.14402638606861876,-0.09524820420875353,5,False,True,False,False,False,False,False,False,False,False,False,False,False,False,False,False,False,False,False,False,False,False,False,False,False,False,False,False,False,False,False,False,False,False,False,True,False,False,False,False,False,False,False,False,False,False,False,False,False,False
-0.5089491565273376,-0.48278808564741993,-0.475457482687542,-0.33372311123081466,1,0,0.1339866953752771,-0.3282951407044157,-0.035850669804366644,-0.12316341330093739,5,False,True,False,False,False,False,False,False,False,False,False,False,False,False,False,False,False,False,False,False,False,False,False,False,False,False,False,False,False,False,False,False,False,False,False,True,False,False,False,False,False,False,False,False,False,False,False,False,False,False
-0.3564007531854049,-0.48210066914445177,0.16162028150689,0.08122515750734705,1,0,0.06109865031666202,-0.1659335837885932,-0.49559746392743953,-1.3514326133570274,5,False,True,False,False,False,False,False,False,False,False,False,False,False,False,False,False,False,False,False,False,False,False,False,False,False,False,False,False,False,False,False,False,False,False,False,True,False,False,False,False,False,False,False,False,False,False,False,False,False,False
-0.46432112679783355,-0.4822955081886884,0.002350840458282005,-0.3930014353362663,1,0,-0.1940095073884916,0.08990886953330893,-0.4820754993944078,-0.15107862239312125,5,False,True,False,False,False,False,False,False,False,False,False,False,False,False,False,False,False,False,False,False,False,False,False,False,False,False,False,False,False,False,False,False,False,False,False,True,False,False,False,False,False,False,False,False,False,False,False,False,False,False
-0.44319223703662025,-0.4484589682316677,-0.156918600590326,-0.3930014353362663,1,0,-1.0322220255625643,-0.2766346453221085,-0.14402638606861876,0.01641263215998193,5,False,True,False,False,False,False,False,False,False,False,False,False,False,False,False,False,False,False,False,False,False,False,False,False,False,False,False,False,False,False,False,False,False,False,False,True,False,False,False,False,False,False,False,False,False,False,False,False,False,False
-0.3968892824163532,-0.4612802906509385,-0.156918600590326,-0.21516646301991132,1,0,-0.1211214623298765,-0.23973429147760342,-0.49559746392743953,0.46305597763492373,5,False,True,False,False,False,False,False,False,False,False,False,False,False,False,False,False,False,False,False,False,False,False,False,False,False,False,False,False,False,False,False,False,False,False,False,True,False,False,False,False,False,False,False,False,False,False,False,False,False,False
-0.47830508379719283,-0.4512463843083798,0.002350840458282005,-0.27444478712536297,1,0,-0.08467743980056815,-0.10443299404775133,-0.9823881871165759,0.7142928594645785,6,False,True,False,False,False,False,False,False,False,False,False,False,False,False,False,False,False,False,False,False,False,False,False,False,False,False,False,False,False,False,False,False,False,False,False,True,False,False,False,False,False,False,False,False,False,False,False,False,False,False
-0.49294888591626296,-0.4689636465862968,-0.475457482687542,-0.452279759441718,0,0,-1.7975464986780219,-0.47343653249280243,-0.8742124708523229,0.7422080685567624,6,False,True,False,False,False,False,False,False,False,False,False,False,False,False,False,False,False,False,False,False,False,False,False,False,False,False,False,False,False,False,False,False,False,False,False,True,False,False,False,False,False,False,False,False,False,False,False,False,False,False
-0.4538021138762897,-0.4739573104030671,-0.7939963647847581,-0.6893930558635247,0,0,0.024654627787353667,-0.5004967919787728,-1.090563903380828,0.7701232776489463,6,False,True,False,False,False,False,False,False,False,False,False,False,False,False,False,False,False,False,False,False,False,False,False,False,False,False,False,False,False,False,False,False,False,False,False,True,False,False,False,False,False,False,False,False,False,False,False,False,False,False
-0.5506375221628526,-0.5416303903171171,-0.475457482687542,-0.5708364076526213,0,0,-1.5424383409728681,-0.5324770986440106,-1.090563903380828,0.825953695833314,6,False,True,False,False,False,False,False,False,False,False,False,False,False,False,False,False,False,False,False,False,False,False,False,False,False,False,False,False,False,False,False,False,False,False,False,True,False,False,False,False,False,False,False,False,False,False,False,False,False,False
-0.3833297897202339,-0.47819384187135366,-0.31618804163893405,-0.15588813891445966,1,0,-0.7771138678574107,-0.3897957304452575,-1.036476045248702,0.825953695833314,6,False,True,False,False,False,False,False,False,False,False,False,False,False,False,False,False,False,False,False,False,False,False,False,False,False,False,False,False,False,False,False,False,False,False,False,True,False,False,False,False,False,False,False,False,False,False,False,False,False,False
-0.48936711680086176,-0.5087044184559243,-0.63472692373615,-0.5115580835471697,0,0,-1.1051100706211794,-0.4660564617239014,-1.0499980097817339,0.8538689049254978,6,False,True,False,False,False,False,False,False,False,False,False,False,False,False,False,False,False,False,False,False,False,False,False,False,False,False,False,False,False,False,False,False,False,False,False,True,False,False,False,False,False,False,False,False,False,False,False,False,False,False
-0.3923205580759887,-0.48138981106896295,-0.156918600590326,-0.33372311123081466,1,0,-0.37622962003502847,-0.24711436224650443,-0.3468558540640922,0.9096993231098656,5,False,True,False,False,False,False,False,False,False,False,False,False,False,False,False,False,False,False,False,False,False,False,False,False,False,False,False,False,False,False,False,False,False,False,False,True,False,False,False,False,False,False,False,False,False,False,False,False,False,False
-0.5446180039297683,-0.5322561968009325,-0.475457482687542,-0.33372311123081466,1,0,0.38909485308042907,-0.37749561249708913,-0.4415096057953135,0.9096993231098656,5,False,True,False,False,False,False,False,False,False,False,False,False,False,False,False,False,False,False,False,False,False,False,False,False,False,False,False,False,False,False,False,False,False,False,False,True,False,False,False,False,False,False,False,False,False,False,False,False,False,False
-0.36290401361117314,-0.4880371712737579,-0.475457482687542,-0.5115580835471697,1,0,-0.04823341727126142,-0.3701155417281881,-0.6443390737907869,0.8817841140176818,6,False,True,False,False,False,False,False,False,False,False,False,False,False,False,False,False,False,False,False,False,False,False,False,False,False,False,False,False,False,False,False,False,False,False,False,True,False,False,False,False,False,False,False,False,False,False,False,False,False,False
-0.42856660770117216,-0.46813192741618637,-0.7939963647847581,-0.630114731758073,0,0,0.06109865031666202,-0.3701155417281881,-1.0229540807156703,0.8817841140176818,6,False,True,False,False,False,False,False,False,False,False,False,False,False,False,False,False,False,False,False,False,False,False,False,False,False,False,False,False,False,False,False,False,False,False,False,True,False,False,False,False,False,False,False,False,False,False,False,False,False,False
-0.4276488821281138,-0.4846926373049069,-0.63472692373615,-0.630114731758073,1,0,0.35265083055112234,-0.44145622582756466,-0.9553442580505125,0.9096993231098656,6,False,True,False,False,False,False,False,False,False,False,False,False,False,False,False,False,False,False,False,False,False,False,False,False,False,False,False,False,False,False,False,False,False,False,False,True,False,False,False,False,False,False,False,False,False,False,False,False,False,False
-0.35570283175714434,-0.46785793501021783,-0.63472692373615,-0.452279759441718,1,0,-1.0322220255625643,-0.3750355889074555,-0.3738997831301557,0.9376145322020495,5,False,True,False,False,False,False,False,False,False,False,False,False,False,False,False,False,False,False,False,False,False,False,False,False,False,False,False,False,False,False,False,False,False,False,False,True,False,False,False,False,False,False,False,False,False,False,False,False,False,False
-0.3597731026037953,-0.5057498670115697,-0.63472692373615,-0.5708364076526213,0,0,-0.3033415749764134,-0.39471577762452487,-0.5091194284604713,0.9376145322020495,5,False,True,False,False,False,False,False,False,False,False,False,False,False,False,False,False,False,False,False,False,False,False,False,False,False,False,False,False,False,False,False,False,False,False,False,True,False,False,False,False,False,False,False,False,False,False,False,False,False,False
-0.4057030824744285,-0.4480781187873732,-0.63472692373615,-0.630114731758073,0,0,0.316206808021814,-0.5177169571062086,-0.6849049673898813,0.9376145322020495,6,False,True,False,False,False,False,False,False,False,False,False,False,False,False,False,False,False,False,False,False,False,False,False,False,False,False,False,False,False,False,False,False,False,False,False,True,False,False,False,False,False,False,False,False,False,False,False,False,False,False
-0.5455158259779023,-0.5271508049697251,-0.63472692373615,-0.630114731758073,1,0,-0.04823341727126142,-0.5054168391580403,-0.3130509427315133,0.9934449503864172,6,False,True,False,False,False,False,False,False,False,False,False,False,False,False,False,False,False,False,False,False,False,False,False,False,False,False,False,False,False,False,False,False,False,False,False,True,False,False,False,False,False,False,False,False,False,False,False,False,False,False
-0.45780661655363153,-0.4809392457791529,-0.63472692373615,-0.5708364076526213,1,0,0.8993111684907331,-0.438996202237931,-0.41446567672925,-0.7931284315133501,5,False,True,False,False,False,False,False,False,False,False,False,False,False,False,False,False,False,False,False,False,False,False,False,False,False,False,False,False,False,False,False,False,False,False,False,True,False,False,False,False,False,False,False,False,False,False,False,False,False,False
-0.44280801246854956,-0.5190634624535662,-0.156918600590326,-0.09660981480900797,1,0,0.316206808021814,-0.39471577762452487,0.16697879819110678,0.9934449503864172,4,False,True,False,False,False,False,False,False,False,False,False,False,False,False,False,False,False,False,False,False,False,False,False,False,False,False,False,False,False,False,False,False,False,False,False,True,False,False,False,False,False,False,False,False,False,False,False,False,False,False
-0.4205234202058579,-0.4867828949264373,-0.475457482687542,-0.5708364076526213,1,0,0.7170910558441962,-0.47343653249280243,-0.6849049673898813,1.049275368570785,6,False,True,False,False,False,False,False,False,False,False,False,False,False,False,False,False,False,False,False,False,False,False,False,False,False,False,False,False,False,False,False,False,False,False,False,True,False,False,False,False,False,False,False,False,False,False,False,False,False,False
-0.4876947880220478,-0.5040590294307433,-0.7939963647847581,-0.6893930558635247,0,0,-1.1051100706211794,-0.5324770986440106,-0.6849049673898813,1.1051057867551526,6,False,True,False,False,False,False,False,False,False,False,False,False,False,False,False,False,False,False,False,False,False,False,False,False,False,False,False,False,False,False,False,False,False,False,False,True,False,False,False,False,False,False,False,False,False,False,False,False,False,False
-0.4028278884937755,-0.4927614092246563,-0.63472692373615,-0.630114731758073,1,0,0.6806470333148894,-0.5767575232574168,-0.9147783644514181,1.1051057867551526,6,False,True,False,False,False,False,False,False,False,False,False,False,False,False,False,False,False,False,False,False,False,False,False,False,False,False,False,False,False,False,False,False,False,False,False,True,False,False,False,False,False,False,False,False,False,False,False,False,False,False
-0.3621515738320372,-0.4682436554306148,-0.7939963647847581,-0.6893930558635247,0,0,-1.4695502959142532,-0.5644574053092484,-0.5496853220595657,1.1330209958473365,6,False,True,False,False,False,False,False,False,False,False,False,False,False,False,False,False,False,False,False,False,False,False,False,False,False,False,False,False,False,False,False,False,False,False,False,True,False,False,False,False,False,False,False,False,False,False,False,False,False,False
-0.3892190696706728,-0.4869734718665832,-0.156918600590326,-0.33372311123081466,0,0,-0.41267364256433525,-0.25203440942577177,1.2216920317675692,1.1888514140317041,3,False,True,False,False,False,False,False,False,False,False,False,False,False,False,False,False,False,False,False,False,False,False,False,False,False,False,False,False,False,False,False,False,False,False,False,True,False,False,False,False,False,False,False,False,False,False,False,False,False,False
-0.4142628962470783,-0.49359769493487193,-0.31618804163893405,-0.5115580835471697,1,0,-0.9593339805039491,-0.4586763909550004,-0.6443390737907869,0.4351407685427399,6,False,True,False,False,False,False,False,False,False,False,False,False,False,False,False,False,False,False,False,False,False,False,False,False,False,False,False,False,False,False,False,False,False,False,False,True,False,False,False,False,False,False,False,False,False,False,False,False,False,False
-0.41792557751814446,-0.49482883414569506,-0.63472692373615,-0.5708364076526213,0,0,0.6806470333148894,-0.5792175468470504,-0.3130509427315133,1.412173086769175,6,False,True,False,False,False,False,False,False,False,False,False,False,False,False,False,False,False,False,False,False,False,False,False,False,False,False,False,False,False,False,False,False,False,False,False,True,False,False,False,False,False,False,False,False,False,False,False,False,False,False
-0.40488444184066014,-0.5632590464082288,1.1172369277985381,0.8518433708782188,1,0,0.24331876296319893,1.0739183053867785,0.7484232731114645,-1.3235174042648437,4,False,True,False,False,False,False,False,False,False,False,False,False,False,False,False,True,False,False,False,False,False,False,False,False,False,False,False,False,False,False,False,False,False,False,False,False,False,False,False,False,False,False,False,False,False,False,False,False,False,False
-0.4028724550821871,-0.5570388099207406,0.16162028150689,0.14050348161279871,1,0,0.6077589882562744,0.3851117002893498,-0.04937263433739744,-0.17899383148530512,5,False,True,False,False,False,False,False,False,False,False,False,False,False,False,False,True,False,False,False,False,False,False,False,False,False,False,False,False,False,False,False,False,False,False,False,False,False,False,False,False,False,False,False,False,False,False,False,False,False,False
-0.41221629466265747,-0.5804605940909081,-0.7939963647847581,-0.630114731758073,0,0,0.20687474043389217,-0.49557674479950553,-0.9553442580505125,-0.15107862239312125,6,False,True,False,False,False,False,False,False,False,False,False,False,False,False,False,True,False,False,False,False,False,False,False,False,False,False,False,False,False,False,False,False,False,False,False,False,False,False,False,False,False,False,False,False,False,False,False,False,False,False
-0.42966952259307145,-0.5830108545184562,1.913584133041578,0.7925650467727671,1,0,-0.7771138678574107,0.9017166541124213,-0.4820754993944078,-0.12316341330093739,5,False,True,False,False,False,False,False,False,False,False,False,False,False,False,False,True,False,False,False,False,False,False,False,False,False,False,False,False,False,False,False,False,False,False,False,False,False,False,False,False,False,False,False,False,False,False,False,False,False,False
-0.43546447714279213,-0.6117654442167901,0.639428604652714,0.43689510214005706,1,0,0.09754267284596875,0.3137710161899733,0.07232504645988642,-0.12316341330093739,5,False,True,False,False,False,False,False,False,False,False,False,False,False,False,False,True,False,False,False,False,False,False,False,False,False,False,False,False,False,False,False,False,False,False,False,False,False,False,False,False,False,False,False,False,False,False,False,False,False,False
-0.40361018356029355,-0.558604524302846,-0.63472692373615,-0.5708364076526213,1,0,-0.4855616876229503,-0.2766346453221085,0.7078573795123693,-1.0722805224351888,4,False,True,False,False,False,False,False,False,False,False,False,False,False,False,False,True,False,False,False,False,False,False,False,False,False,False,False,False,False,False,False,False,False,False,False,False,False,False,False,False,False,False,False,False,False,False,False,False,False,False
-0.40571130349559287,-0.5749977943879182,-0.31618804163893405,0.08122515750734705,1,0,0.17043071790458383,-0.1733136545574942,-0.5091194284604713,-0.6535523860524308,5,False,True,False,False,False,False,False,False,False,False,False,False,False,False,False,True,False,False,False,False,False,False,False,False,False,False,False,False,False,False,False,False,False,False,False,False,False,False,False,False,False,False,False,False,False,False,False,False,False,False
-0.40567841941093835,-0.5978667227700462,-0.31618804163893405,-0.21516646301991132,1,1,0.316206808021814,-0.1536334658404248,-0.3130509427315133,-0.12316341330093739,6,False,True,False,False,False,False,False,False,False,False,False,False,False,False,False,True,False,False,False,False,False,False,False,False,False,False,False,False,False,False,False,False,False,False,False,False,False,False,False,False,False,False,False,False,False,False,False,False,False,False
-0.4256715101955947,-0.5624553353507182,-0.475457482687542,-0.5115580835471697,0,0,-0.5584497326815654,-0.3651954945489208,-1.0635199743147645,-0.06733299511656966,6,False,True,False,False,False,False,False,False,False,False,False,False,False,False,False,True,False,False,False,False,False,False,False,False,False,False,False,False,False,False,False,False,False,False,False,False,False,False,False,False,False,False,False,False,False,False,False,False,False,False
-0.397442254260939,-0.6811202286314646,0.16162028150689,-0.21516646301991132,1,0,-0.4855616876229503,-0.3504353530111187,-0.6308171092577551,0.6584624412802108,6,False,True,False,False,False,False,False,False,False,False,False,False,False,False,False,True,False,False,False,False,False,False,False,False,False,False,False,False,False,False,False,False,False,False,False,False,False,False,False,False,False,False,False,False,False,False,False,False,False,False
-0.43234308521255477,-0.6022241153329629,-0.63472692373615,-0.452279759441718,0,0,-0.04823341727126142,-0.2963148340391779,-0.4820754993944078,1.021360159478601,5,False,True,False,False,False,False,False,False,False,False,False,False,False,False,False,True,False,False,False,False,False,False,False,False,False,False,False,False,False,False,False,False,False,False,False,False,False,False,False,False,False,False,False,False,False,False,False,False,False,False
-0.3589938363345465,-0.5226497186116776,-0.31618804163893405,-0.3930014353362663,0,0,-0.41267364256433525,-0.5152569335165749,-0.9147783644514181,1.1051057867551526,6,False,True,False,False,False,False,False,False,False,False,False,False,False,False,False,True,False,False,False,False,False,False,False,False,False,False,False,False,False,False,False,False,False,False,False,False,False,False,False,False,False,False,False,False,False,False,False,False,False,False
-0.3946393187294602,-0.5512925802955745,-0.31618804163893405,-0.33372311123081466,1,0,-0.5220057101522587,-0.44145622582756466,-1.090563903380828,-0.17899383148530512,6,False,True,False,False,False,False,False,False,False,False,False,False,False,False,False,True,False,False,False,False,False,False,False,False,False,False,False,False,False,False,False,False,False,False,False,False,False,False,False,False,False,False,False,False,False,False,False,False,False,False
-0.40124339483581173,-0.546015486556628,0.16162028150689,-0.33372311123081466,1,1,-0.6677818002694889,-0.01587214482093906,-0.5361633575265339,-0.12316341330093739,5,False,True,False,False,False,False,False,False,False,False,False,False,False,False,False,True,False,False,False,False,False,False,False,False,False,False,False,False,False,False,False,False,False,False,False,False,False,False,False,False,False,False,False,False,False,False,False,False,False,False
-0.3886150409578073,-0.5401532668129427,3.665547984576266,2.985863038674479,1,0,0.6806470333148894,4.313769372934328,1.5056532869612322,-1.7422455406476016,2,False,True,False,False,False,False,False,False,False,False,False,False,False,False,False,True,False,False,False,False,False,False,False,False,False,False,False,False,False,False,False,False,False,False,False,False,False,False,False,False,False,False,False,False,False,False,False,False,False,False
-0.37158930612789953,-0.5435629500872127,-0.31618804163893405,-0.452279759441718,1,0,-0.9593339805039491,-0.44145622582756466,-0.8201246127201969,-0.09524820420875353,6,False,True,False,False,False,False,False,False,False,False,False,False,False,False,False,True,False,False,False,False,False,False,False,False,False,False,False,False,False,False,False,False,False,False,False,False,False,False,False,False,False,False,False,False,False,False,False,False,False,False
-0.391884843954315,-0.538294989428468,0.002350840458282005,-0.21516646301991132,1,0,1.5188595514889638,0.14648941209488342,-0.2792460313989344,-1.7143303315554177,5,False,True,False,False,False,False,False,False,False,False,False,False,False,False,False,True,False,False,False,False,False,False,False,False,False,False,False,False,False,False,False,False,False,False,False,False,False,False,False,False,False,False,False,False,False,False,False,False,False,False
-0.39643712625235067,-0.5198623025349656,-0.475457482687542,-0.452279759441718,0,0,-0.813557890386719,-0.2594144801946728,-0.8201246127201969,-0.12316341330093739,6,False,True,False,False,False,False,False,False,False,False,False,False,False,False,False,True,False,False,False,False,False,False,False,False,False,False,False,False,False,False,False,False,False,False,False,False,False,False,False,False,False,False,False,False,False,False,False,False,False,False
-0.4101233957485226,-0.5309924829374042,2.072853574090186,1.207513315510929,1,0,0.7170910558441962,1.802085287918346,0.3698082661865802,-0.5977219678680631,4,False,True,False,False,False,False,False,False,False,False,False,False,False,False,False,True,False,False,False,False,False,False,False,False,False,False,False,False,False,False,False,False,False,False,False,False,False,False,False,False,False,False,False,False,False,False,False,False,False,False
-0.4094531661810215,-0.5297150694535775,0.320889722555498,-0.15588813891445966,1,0,0.4619828981390442,-0.4980367683891392,0.5726377341820537,0.01641263215998193,4,False,True,False,False,False,False,False,False,False,False,False,False,False,False,False,True,False,False,False,False,False,False,False,False,False,False,False,False,False,False,False,False,False,False,False,False,False,False,False,False,False,False,False,False,False,False,False,False,False,False
-0.34270107044417963,-0.7397208111118926,0.16162028150689,-0.0373314907035563,1,0,-0.37622962003502847,-0.31845504634588095,-0.9823881871165759,0.4351407685427399,6,False,True,False,False,False,False,False,False,False,False,False,False,False,False,False,True,False,False,False,False,False,False,False,False,False,False,False,False,False,False,False,False,False,False,False,False,False,False,False,False,False,False,False,False,False,False,False,False,False,False
-0.42325712608542887,-0.6273690073006647,-0.31618804163893405,-0.27444478712536297,1,0,-0.1211214623298765,-0.34059525865258405,-0.468553534861376,0.46305597763492373,5,False,True,False,False,False,False,False,False,False,False,False,False,False,False,False,True,False,False,False,False,False,False,False,False,False,False,False,False,False,False,False,False,False,False,False,False,False,False,False,False,False,False,False,False,False,False,False,False,False,False
-0.42756321043388323,-0.6279590042815146,-0.31618804163893405,-0.0373314907035563,1,0,-0.1211214623298765,-0.36765551813855446,-0.6713830028568495,0.4909711867271076,6,False,True,False,False,False,False,False,False,False,False,False,False,False,False,False,True,False,False,False,False,False,False,False,False,False,False,False,False,False,False,False,False,False,False,False,False,False,False,False,False,False,False,False,False,False,False,False,False,False,False
-0.39127086347898876,-0.8372541923003467,0.002350840458282005,-0.33372311123081466,1,0,-0.26689755244710506,-0.4512963201860994,-0.08993852793649271,0.7142928594645785,5,False,True,False,False,False,False,False,False,False,False,False,False,False,False,False,True,False,False,False,False,False,False,False,False,False,False,False,False,False,False,False,False,False,False,False,False,False,False,False,False,False,False,False,False,False,False,False,False,False,False
-0.38660608299660665,-0.6315778350923399,0.639428604652714,-0.0373314907035563,1,0,-0.8864459354453341,-0.23481424429833606,-0.9688662225835443,0.7422080685567624,6,False,True,False,False,False,False,False,False,False,False,False,False,False,False,False,True,False,False,False,False,False,False,False,False,False,False,False,False,False,False,False,False,False,False,False,False,False,False,False,False,False,False,False,False,False,False,False,False,False,False
-0.2985784171735743,-0.7283446464161026,-0.7939963647847581,-0.5708364076526213,0,0,-0.5220057101522587,-0.5152569335165749,-1.0499980097817339,0.7980384867411301,6,False,True,False,False,False,False,False,False,False,False,False,False,False,False,False,True,False,False,False,False,False,False,False,False,False,False,False,False,False,False,False,False,False,False,False,False,False,False,False,False,False,False,False,False,False,False,False,False,False,False
-0.41814365092164296,-0.5862208277723785,-0.7939963647847581,-0.6893930558635247,1,0,-0.6677818002694889,-0.5767575232574168,-0.3130509427315133,0.9655297412942333,6,False,True,False,False,False,False,False,False,False,False,False,False,False,False,False,True,False,False,False,False,False,False,False,False,False,False,False,False,False,False,False,False,False,False,False,False,False,False,False,False,False,False,False,False,False,False,False,False,False,False
-0.5320770524872908,-0.6750394238350163,-0.63472692373615,-0.630114731758073,1,0,0.316206808021814,-0.5250970278751096,-0.41446567672925,0.9655297412942333,5,False,True,False,False,False,False,False,False,False,False,False,False,False,False,False,True,False,False,False,False,False,False,False,False,False,False,False,False,False,False,False,False,False,False,False,False,False,False,False,False,False,False,False,False,False,False,False,False,False,False
-0.43227558630194934,-0.5828902978598318,0.002350840458282005,-0.33372311123081466,1,0,0.6442030107855827,-0.36765551813855446,-0.3130509427315133,0.9934449503864172,6,False,True,False,False,False,False,False,False,False,False,False,False,False,False,False,True,False,False,False,False,False,False,False,False,False,False,False,False,False,False,False,False,False,False,False,False,False,False,False,False,False,False,False,False,False,False,False,False,False,False
-0.3857394142918279,-0.7182270201717155,-0.31618804163893405,-0.5115580835471697,1,1,-0.3397855975057201,-0.42177603711049527,-0.7525147900550391,0.9934449503864172,6,False,True,False,False,False,False,False,False,False,False,False,False,False,False,False,True,False,False,False,False,False,False,False,False,False,False,False,False,False,False,False,False,False,False,False,False,False,False,False,False,False,False,False,False,False,False,False,False,False,False
-0.4235357754343445,-0.4251443455358321,0.320889722555498,-0.21516646301991132,1,0,-0.41267364256433525,-0.06507261661361255,-0.3062899604649979,-0.17899383148530512,5,False,True,False,False,False,False,False,False,False,False,False,False,False,False,False,False,False,False,False,False,False,False,False,False,False,False,False,False,False,False,True,False,False,False,False,False,False,False,False,False,False,False,False,False,False,False,False,False,False,False
-0.4621572674904975,-0.3876472670350791,0.320889722555498,-0.0373314907035563,1,0,1.3001954163131169,-0.1560934894300585,-0.5361633575265339,-1.2676869860804758,5,False,True,False,False,False,False,False,False,False,False,False,False,False,False,False,False,False,False,False,False,False,False,False,False,False,False,False,False,False,False,True,False,False,False,False,False,False,False,False,False,False,False,False,False,False,False,False,False,False,False
-0.41128688658583895,-0.40654908981479243,-0.156918600590326,-0.09660981480900797,1,1,0.17043071790458383,-0.1462533950715238,-0.5496853220595657,-0.0394177860243858,6,False,True,False,False,False,False,False,False,False,False,False,False,False,False,False,False,False,False,False,False,False,False,False,False,False,False,False,False,False,False,True,False,False,False,False,False,False,False,False,False,False,False,False,False,False,False,False,False,False,False
-0.4084943355021472,-0.41749325981718177,-0.475457482687542,-0.5115580835471697,1,0,-0.1940095073884916,-0.48081660326170345,-0.6308171092577551,0.3513951412661883,6,False,True,False,False,False,False,False,False,False,False,False,False,False,False,False,False,False,False,False,False,False,False,False,False,False,False,False,False,False,False,True,False,False,False,False,False,False,False,False,False,False,False,False,False,False,False,False,False,False,False
-0.4840437892547387,-0.4248514780974568,0.002350840458282005,-0.21516646301991132,1,0,0.8264231234321197,-0.025712239179473757,0.4238961243187072,0.8817841140176818,4,False,True,False,False,False,False,False,False,False,False,False,False,False,False,False,False,False,False,False,False,False,False,False,False,False,False,False,False,False,False,True,False,False,False,False,False,False,False,False,False,False,False,False,False,False,False,False,False,False,False
-0.45776680950378557,-0.39036466283026977,-0.7939963647847581,-0.630114731758073,0,0,-1.0322220255625643,-0.5349371222336443,-0.3130509427315133,1.1330209958473365,6,False,True,False,False,False,False,False,False,False,False,False,False,False,False,False,False,False,False,False,False,False,False,False,False,False,False,False,False,False,False,True,False,False,False,False,False,False,False,False,False,False,False,False,False,False,False,False,False,False,False
-0.6290673621199921,-0.46671051570122324,-0.475457482687542,-0.3930014353362663,1,0,1.8832997767820374,-0.5693774524885157,-1.0229540807156703,-1.2397717769882919,6,False,True,False,False,False,False,False,False,False,False,False,False,False,False,False,False,False,False,False,False,False,False,False,False,False,False,False,False,False,False,False,False,False,False,False,False,False,False,False,False,False,False,False,False,False,False,True,False,False,False
-0.6180598474671986,-0.5913770604166947,-0.7939963647847581,-0.6893930558635247,0,0,-0.08467743980056815,-0.5472372401818126,-0.7795587191211025,1.3563426685848075,6,False,True,False,False,False,False,False,False,False,False,False,False,False,False,False,False,False,False,False,False,False,False,False,False,False,False,False,False,False,False,False,False,False,False,False,False,False,False,False,False,False,False,False,False,False,False,True,False,False,False
-0.6196724656712451,-0.5953304663988023,-0.7939963647847581,-0.6893930558635247,0,0,0.024654627787353667,-0.34428529403703456,-0.7119488964559447,1.412173086769175,6,False,True,False,False,False,False,False,False,False,False,False,False,False,False,False,False,False,False,False,False,False,False,False,False,False,False,False,False,False,False,False,False,False,False,False,False,False,False,False,False,False,False,False,False,False,False,True,False,False,False
-0.09054461125691067,-0.9923430271584723,-0.63472692373615,-0.630114731758073,1,0,1.5188595514889638,-0.5546173109507136,-0.4820754993944078,1.244681832216072,5,False,True,False,False,False,False,False,False,False,False,False,False,False,False,False,False,False,False,False,False,False,False,False,False,False,False,False,False,False,False,False,False,False,False,False,False,False,False,False,False,False,False,False,False,True,False,False,False,False,False
-0.3759667835548783,-1.064819498385144,1.435775809895754,0.5554517503509604,1,1,-0.5220057101522587,-0.446376273006832,-0.8066026481871651,0.5188863958192915,6,False,True,False,False,False,False,False,False,False,False,False,False,False,False,False,False,False,False,False,False,False,False,False,False,False,False,False,False,False,False,False,False,False,True,False,False,False,False,False,False,False,False,False,False,False,False,False,False,False,False
-0.4249753195086305,-0.9795822875045239,0.002350840458282005,-0.33372311123081466,1,0,-0.37622962003502847,-0.43653617864829736,-0.8066026481871651,-0.4302307133149599,6,False,True,False,False,False,False,False,False,False,False,False,False,False,False,False,False,False,False,False,False,False,False,False,False,False,False,False,False,False,False,False,False,False,True,False,False,False,False,False,False,False,False,False,False,False,False,False,False,False,False
-0.4197545383843932,-0.9724146461643947,1.595045250944362,2.037409852987252,1,0,-0.4491176650936436,0.2055299782460916,-0.5632072865925973,-0.17899383148530512,6,False,True,False,False,False,False,False,False,False,False,False,False,False,False,False,False,False,False,False,False,False,False,False,False,False,False,False,False,False,False,False,False,False,True,False,False,False,False,False,False,False,False,False,False,False,False,False,False,False,False
-0.4718182654137534,-1.047585071613745,-0.31618804163893405,-0.452279759441718,1,0,0.09754267284596875,-0.2864747396806432,-0.9012563999183865,-0.12316341330093739,6,False,True,False,False,False,False,False,False,False,False,False,False,False,False,False,False,False,False,False,False,False,False,False,False,False,False,False,False,False,False,False,False,False,True,False,False,False,False,False,False,False,False,False,False,False,False,False,False,False,False
-0.4293804887963718,-0.9748720536099211,-0.31618804163893405,0.02194683340189537,1,0,0.9721992135493498,0.06038858645770483,0.8701209539087483,-0.7372980133289824,3,False,True,False,False,False,False,False,False,False,False,False,False,False,False,False,False,False,False,False,False,False,False,False,False,False,False,False,False,False,False,False,False,False,True,False,False,False,False,False,False,False,False,False,False,False,False,False,False,False,False
-0.4474970233290985,-1.0072868774159816,-0.63472692373615,-0.630114731758073,1,0,-0.8864459354453341,-0.537397145823278,2.2899272298770623,-0.011502576932201934,1,False,True,False,False,False,False,False,False,False,False,False,False,False,False,False,False,False,False,False,False,False,False,False,False,False,False,False,False,False,False,False,False,False,True,False,False,False,False,False,False,False,False,False,False,False,False,False,False,False,False
-0.42770686196158486,-0.9690883783559474,0.16162028150689,-0.15588813891445966,1,0,0.5348709431976593,-0.09951294686848398,-0.17107031513468227,0.23973430489745284,5,False,True,False,False,False,False,False,False,False,False,False,False,False,False,False,False,False,False,False,False,False,False,False,False,False,False,False,False,False,False,False,False,False,True,False,False,False,False,False,False,False,False,False,False,False,False,False,False,False,False
-0.4461370933545014,-1.0069757438172025,0.320889722555498,1.0889566673000255,1,0,-0.08467743980056815,0.11942915260891301,-0.6172951447247235,0.5468016049114753,6,False,True,False,False,False,False,False,False,False,False,False,False,False,False,False,False,False,False,False,False,False,False,False,False,False,False,False,False,False,False,False,False,False,True,False,False,False,False,False,False,False,False,False,False,False,False,False,False,False,False
-0.4425518627565045,-0.9663941196972542,-0.156918600590326,-0.3930014353362663,1,0,-0.8864459354453341,-0.48081660326170345,-0.6849049673898813,0.6584624412802108,6,False,True,False,False,False,False,False,False,False,False,False,False,False,False,False,False,False,False,False,False,False,False,False,False,False,False,False,False,False,False,False,False,False,True,False,False,False,False,False,False,False,False,False,False,False,False,False,False,False,False
-0.4799934219330092,-1.0369566017502398,0.48015916360410604,0.08122515750734705,1,1,-0.6677818002694889,-0.3897957304452575,-0.8606905063192911,0.6584624412802108,6,False,True,False,False,False,False,False,False,False,False,False,False,False,False,False,False,False,False,False,False,False,False,False,False,False,False,False,False,False,False,False,False,False,True,False,False,False,False,False,False,False,False,False,False,False,False,False,False,False,False
-0.47265983836971553,-1.010529425322609,-0.7939963647847581,-0.6893930558635247,0,0,-1.396662250855638,-0.5472372401818126,-1.090563903380828,0.8538689049254978,6,False,True,False,False,False,False,False,False,False,False,False,False,False,False,False,False,False,False,False,False,False,False,False,False,False,False,False,False,False,False,False,False,False,True,False,False,False,False,False,False,False,False,False,False,False,False,False,False,False,False
-0.43902158319470624,-0.9952650039501217,-0.156918600590326,-0.452279759441718,1,0,-0.1940095073884916,-0.45621636736536675,-1.0229540807156703,0.8538689049254978,6,False,True,False,False,False,False,False,False,False,False,False,False,False,False,False,False,False,False,False,False,False,False,False,False,False,False,False,False,False,False,False,False,False,True,False,False,False,False,False,False,False,False,False,False,False,False,False,False,False,False
-0.4050679004182047,-0.945634323969072,-0.156918600590326,-0.33372311123081466,0,1,-0.23045352991779833,-0.38733570685562385,-0.9553442580505125,0.9934449503864172,6,False,True,False,False,False,False,False,False,False,False,False,False,False,False,False,False,False,False,False,False,False,False,False,False,False,False,False,False,False,False,False,False,False,True,False,False,False,False,False,False,False,False,False,False,False,False,False,False,False,False
-0.43654705582444664,-0.9748766201500264,-0.7939963647847581,-0.630114731758073,0,0,-6.608157472546613,-0.5792175468470504,-1.0229540807156703,1.3842578776769914,6,False,True,False,False,False,False,False,False,False,False,False,False,False,False,False,False,False,False,False,False,False,False,False,False,False,False,False,False,False,False,False,False,False,True,False,False,False,False,False,False,False,False,False,False,False,False,False,False,False,False
-0.25490921812294765,-0.9469163039929953,-0.475457482687542,-0.452279759441718,1,0,1.0086432360786566,-0.42177603711049527,-0.21163620873377656,-0.09524820420875353,5,False,True,False,False,False,False,False,False,False,False,False,False,False,False,False,False,False,False,False,False,False,False,False,False,False,False,False,False,False,False,False,False,False,True,False,False,False,False,False,False,False,False,False,False,False,False,False,False,False,False
-0.5495943178457207,-1.4158759217638095,-0.63472692373615,-0.33372311123081466,1,0,-0.9957780030332559,-0.5103368863373076,-0.9553442580505125,-0.5139763405915115,6,False,True,False,False,False,False,False,False,False,False,False,False,False,True,False,False,False,False,False,False,False,False,False,False,False,False,False,False,False,False,False,False,False,False,False,False,False,False,False,False,False,False,False,False,False,False,False,False,False,False
-0.5268380985794284,-1.4196664544823738,-0.31618804163893405,-0.3930014353362663,1,0,-0.26689755244710506,-0.3356752114733167,-0.6037731801916917,-0.09524820420875353,6,False,True,False,False,False,False,False,False,False,False,False,False,False,True,False,False,False,False,False,False,False,False,False,False,False,False,False,False,False,False,False,False,False,False,False,False,False,False,False,False,False,False,False,False,False,False,False,False,False,False
-0.5603677497380133,-1.4538932813998968,-0.156918600590326,0.43689510214005706,1,0,-0.4491176650936436,-0.21513405558126666,-0.2792460313989344,-0.206909040577489,5,False,True,False,False,False,False,False,False,False,False,False,False,False,True,False,False,False,False,False,False,False,False,False,False,False,False,False,False,False,False,False,False,False,False,False,False,False,False,False,False,False,False,False,False,False,False,False,False,False,False
-0.5323362309966083,-1.4354420239099934,0.7986980457013221,0.614730074456412,1,0,0.27976278549250727,0.4343121720820233,-0.0628945988704292,-0.2906546678540406,5,False,True,False,False,False,False,False,False,False,False,False,False,False,True,False,False,False,False,False,False,False,False,False,False,False,False,False,False,False,False,False,False,False,False,False,False,False,False,False,False,False,False,False,False,False,False,False,False,False,False
-0.5415381497906733,-1.410868253890735,-0.31618804163893405,-0.21516646301991132,1,0,0.316206808021814,-0.32091506993551466,-0.8471685417862603,-1.0722805224351888,6,False,True,False,False,False,False,False,False,False,False,False,False,False,True,False,False,False,False,False,False,False,False,False,False,False,False,False,False,False,False,False,False,False,False,False,False,False,False,False,False,False,False,False,False,False,False,False,False,False,False
-0.5430118760055869,-1.3818719420031405,-0.31618804163893405,-0.3930014353362663,1,0,-0.8500019129160258,-0.5423171930025453,-0.3130509427315133,-0.09524820420875353,6,False,True,False,False,False,False,False,False,False,False,False,False,False,True,False,False,False,False,False,False,False,False,False,False,False,False,False,False,False,False,False,False,False,False,False,False,False,False,False,False,False,False,False,False,False,False,False,False,False,False
-0.5018089833040523,-1.4000723442235727,-0.475457482687542,-0.3930014353362663,1,0,0.9721992135493498,-0.32091506993551466,-0.49559746392743953,-0.6256371769602469,5,False,True,False,False,False,False,False,False,False,False,False,False,False,True,False,False,False,False,False,False,False,False,False,False,False,False,False,False,False,False,False,False,False,False,False,False,False,False,False,False,False,False,False,False,False,False,False,False,False,False
-0.512642991141762,-1.4205770225782017,0.7986980457013221,0.43689510214005706,1,0,1.7010796641355006,0.57945356387041,-0.04937263433739744,-0.12316341330093739,5,False,True,False,False,False,False,False,False,False,False,False,False,False,True,False,False,False,False,False,False,False,False,False,False,False,False,False,False,False,False,False,False,False,False,False,False,False,False,False,False,False,False,False,False,False,False,False,False,False,False
-0.5198792205070649,-1.179498411031069,0.48015916360410604,0.7332867226673154,1,0,-0.1940095073884916,-0.17085363096786052,-0.7254708609889755,0.1280734685287174,6,False,True,False,False,False,False,False,False,False,False,False,False,False,True,False,False,False,False,False,False,False,False,False,False,False,False,False,False,False,False,False,False,False,False,False,False,False,False,False,False,False,False,False,False,False,False,False,False,False,False
-0.5353832010510488,-1.413901654260807,-0.31618804163893405,-0.27444478712536297,1,0,-0.3033415749764134,-0.3504353530111187,-0.8336465772532285,0.630547232188027,6,False,True,False,False,False,False,False,False,False,False,False,False,False,True,False,False,False,False,False,False,False,False,False,False,False,False,False,False,False,False,False,False,False,False,False,False,False,False,False,False,False,False,False,False,False,False,False,False,False,False
-0.48340860719851797,-1.148346996652531,0.16162028150689,-0.21516646301991132,1,0,-0.41267364256433525,-0.41439596634159426,-0.8336465772532285,0.630547232188027,6,False,True,False,False,False,False,False,False,False,False,False,False,False,True,False,False,False,False,False,False,False,False,False,False,False,False,False,False,False,False,False,False,False,False,False,False,False,False,False,False,False,False,False,False,False,False,False,False,False,False
-0.59564025738329,-1.364289544876158,0.16162028150689,-0.27444478712536297,1,0,-1.068666048091871,-0.35781542378001974,-1.0094321161826385,0.6584624412802108,6,False,True,False,False,False,False,False,False,False,False,False,False,False,True,False,False,False,False,False,False,False,False,False,False,False,False,False,False,False,False,False,False,False,False,False,False,False,False,False,False,False,False,False,False,False,False,False,False,False,False
-0.5848914885544875,-1.3489876778748546,1.595045250944362,0.49617342624550875,1,0,-0.7406698453281039,0.07022868081623954,0.031759152860791166,0.7422080685567624,5,False,True,False,False,False,False,False,False,False,False,False,False,False,True,False,False,False,False,False,False,False,False,False,False,False,False,False,False,False,False,False,False,False,False,False,False,False,False,False,False,False,False,False,False,False,False,False,False,False,False
-0.5752291925752586,-1.464201180148424,-0.63472692373615,-0.5708364076526213,1,0,0.316206808021814,-0.4783565796720698,-0.14402638606861876,0.7980384867411301,5,False,True,False,False,False,False,False,False,False,False,False,False,False,True,False,False,False,False,False,False,False,False,False,False,False,False,False,False,False,False,False,False,False,False,False,False,False,False,False,False,False,False,False,False,False,False,False,False,False,False
-0.5647975820892448,-1.4188858805613696,-0.31618804163893405,-0.452279759441718,1,0,-1.4695502959142532,-0.49065669762023817,-0.9688662225835443,1.049275368570785,6,False,True,False,False,False,False,False,False,False,False,False,False,False,True,False,False,False,False,False,False,False,False,False,False,False,False,False,False,False,False,False,False,False,False,False,False,False,False,False,False,False,False,False,False,False,False,False,False,False,False
-0.7345400348522771,-1.8830561110758577,-0.475457482687542,-0.5115580835471697,1,0,-1.7246584536194067,-0.446376273006832,-0.8877344353853547,-0.09524820420875353,6,False,True,False,False,False,False,False,False,False,False,False,False,False,False,False,False,False,False,False,False,False,False,False,False,False,False,False,False,False,False,False,False,False,False,False,False,False,False,False,False,False,False,False,False,False,False,False,False,True,False
-0.7201584400397938,-1.8784898754124,0.002350840458282005,0.08122515750734705,1,1,0.17043071790458383,-0.5029568155684065,-1.0229540807156703,0.10015825943653352,6,False,True,False,False,False,False,False,False,False,False,False,False,False,False,False,False,False,False,False,False,False,False,False,False,False,False,False,False,False,False,False,False,False,False,False,False,False,False,False,False,False,False,False,False,False,False,False,False,True,False
-0.5361784766773,-1.7369746243459352,-0.7939963647847581,-0.6893930558635247,0,0,-1.2508861607384079,-0.5718374760781494,-0.6172951447247235,0.7701232776489463,6,False,True,False,False,False,False,False,False,False,False,False,False,False,False,False,False,False,False,False,False,False,False,False,False,False,False,False,False,False,False,False,False,False,False,False,False,False,False,False,False,False,False,False,False,False,False,False,False,True,False
-0.7289082026698562,-1.791422395259905,-0.31618804163893405,-0.5115580835471697,1,0,0.09754267284596875,-0.5300170750543769,-1.0499980097817339,0.8538689049254978,6,False,True,False,False,False,False,False,False,False,False,False,False,False,False,False,False,False,False,False,False,False,False,False,False,False,False,False,False,False,False,False,False,False,False,False,False,False,False,False,False,False,False,False,False,False,False,False,False,True,False
-0.6682829311265499,-1.740384307620205,-0.63472692373615,-0.630114731758073,1,0,0.7170910558441962,-0.5349371222336443,-0.6172951447247235,0.9934449503864172,6,False,True,False,False,False,False,False,False,False,False,False,False,False,False,False,False,False,False,False,False,False,False,False,False,False,False,False,False,False,False,False,False,False,False,False,False,False,False,False,False,False,False,False,False,False,False,False,False,True,False
-0.676068670853843,-0.7809761521145107,0.320889722555498,0.08122515750734705,1,0,-0.1211214623298765,-0.22743417352943504,-0.8606905063192911,-0.12316341330093739,6,False,True,False,False,False,False,False,False,False,False,False,False,False,False,False,False,False,False,False,False,False,False,False,False,False,False,False,False,False,False,False,False,False,False,False,False,False,False,False,False,False,False,True,False,False,False,False,False,False,False
-0.6892318237928112,-0.7809341399455978,1.75431469199297,1.4446266119327356,1,0,-0.26689755244710506,-0.018332168410572735,-0.9688662225835443,-0.12316341330093739,6,False,True,False,False,False,False,False,False,False,False,False,False,False,False,False,False,False,False,False,False,False,False,False,False,False,False,False,False,False,False,False,False,False,False,False,False,False,False,False,False,False,False,True,False,False,False,False,False,False,False
-0.6230279403619834,-1.0147056784615702,0.002350840458282005,-0.3930014353362663,1,0,-0.26689755244710506,-0.4193160135208616,-1.0229540807156703,-0.5698067587758793,6,False,True,False,False,False,False,False,False,False,False,False,False,False,False,False,False,False,False,False,True,False,False,False,False,False,False,False,False,False,False,False,False,False,False,False,False,False,False,False,False,False,False,False,False,False,False,False,False,False,False
-0.5785863980072963,-0.9227048128216216,-0.31618804163893405,-0.5115580835471697,1,0,0.09754267284596875,-0.45621636736536675,-0.6849049673898813,0.6863776503723946,6,False,True,False,False,False,False,False,False,False,False,False,False,False,False,False,False,False,False,False,True,False,False,False,False,False,False,False,False,False,False,False,False,False,False,False,False,False,False,False,False,False,False,False,False,False,False,False,False,False,False
-0.7849565288516368,-1.3245999182556452,0.7986980457013221,-0.0373314907035563,1,0,-0.41267364256433525,0.5400931864362712,-0.6172951447247235,-1.3235174042648437,6,False,True,False,False,False,False,False,True,False,False,False,False,False,False,False,False,False,False,False,False,False,False,False,False,False,False,False,False,False,False,False,False,False,False,False,False,False,False,False,False,False,False,False,False,False,False,False,False,False,False
-0.729647661889259,-1.3209533837682172,-0.63472692373615,-0.452279759441718,1,0,0.5713149657269676,-0.4857366504409708,-1.0499980097817339,0.46305597763492373,6,False,True,False,False,False,False,False,True,False,False,False,False,False,False,False,False,False,False,False,False,False,False,False,False,False,False,False,False,False,False,False,False,False,False,False,False,False,False,False,False,False,False,False,False,False,False,False,False,False,False
-0.7933510568303641,-1.3158342923167115,-0.7939963647847581,-0.6893930558635247,0,0,0.5713149657269676,-0.4291561078793963,-1.0229540807156703,0.5747168140036593,6,False,True,False,False,False,False,False,True,False,False,False,False,False,False,False,False,False,False,False,False,False,False,False,False,False,False,False,False,False,False,False,False,False,False,False,False,False,False,False,False,False,False,False,False,False,False,False,False,False,False
-0.9365110540034179,-1.1287994651027478,-0.7939963647847581,-0.6893930558635247,0,0,0.6806470333148894,-0.5792175468470504,-1.0229540807156703,1.3563426685848075,6,False,True,False,False,False,False,False,False,False,False,False,False,False,False,False,False,False,False,False,False,False,False,True,False,False,False,False,False,False,False,False,False,False,False,False,False,False,False,False,False,False,False,False,False,False,False,False,False,False,False
-0.9105806551973092,-1.09961744725111,-0.7939963647847581,-0.630114731758073,0,0,0.6806470333148894,-0.5742974996677831,-1.0229540807156703,1.3842578776769914,6,False,True,False,False,False,False,False,False,False,False,False,False,False,False,False,False,False,False,False,False,False,False,True,False,False,False,False,False,False,False,False,False,False,False,False,False,False,False,False,False,False,False,False,False,False,False,False,False,False,False
-0.776601375237426,-1.9531308866462143,-0.31618804163893405,-0.452279759441718,1,0,-0.41267364256433525,-0.37995563608672284,-0.9283003289844489,-0.15107862239312125,6,False,True,False,False,False,False,False,False,False,True,False,False,False,False,False,False,False,False,False,False,False,False,False,False,False,False,False,False,False,False,False,False,False,False,False,False,False,False,False,False,False,False,False,False,False,False,False,False,False,False
-0.776601375237426,-1.9531308866462143,-0.63472692373615,-0.5708364076526213,0,0,-0.6313377777401805,-0.3036949048080789,-1.0229540807156703,-0.23482424966967286,6,False,True,False,False,False,False,False,False,False,True,False,False,False,False,False,False,False,False,False,False,False,False,False,False,False,False,False,False,False,False,False,False,False,False,False,False,False,False,False,False,False,False,False,False,False,False,False,False,False,False
-0.7800360313425329,-1.925821150235364,-0.31618804163893405,-0.452279759441718,1,0,-0.9228899579746408,-0.4094759191623269,-1.0229540807156703,-0.6535523860524308,6,False,True,False,False,False,False,False,False,False,True,False,False,False,False,False,False,False,False,False,False,False,False,False,False,False,False,False,False,False,False,False,False,False,False,False,False,False,False,False,False,False,False,False,False,False,False,False,False,False,False
-0.9167243541185001,-2.066346679844269,-0.63472692373615,-0.630114731758073,1,0,-1.3602182283263313,-0.537397145823278,-0.8877344353853547,0.044327841252165795,6,False,True,False,False,False,False,False,False,False,True,False,False,False,False,False,False,False,False,False,False,False,False,False,False,False,False,False,False,False,False,False,False,False,False,False,False,False,False,False,False,False,False,False,False,False,False,False,False,False,False
-0.8632474768196403,-2.0317995862477654,2.232123015138794,1.6817399083545423,1,0,0.17043071790458383,0.41955203054422124,-0.035850669804366644,-0.2906546678540406,5,False,True,False,False,False,False,False,False,False,True,False,False,False,False,False,False,False,False,False,False,False,False,False,False,False,False,False,False,False,False,False,False,False,False,False,False,False,False,False,False,False,False,False,False,False,False,False,False,False,False
-1.0112669628710547,-2.011457476720682,1.435775809895754,1.2667916396163805,1,0,0.06109865031666202,0.23997030850096304,-0.21163620873377656,-1.1839413588039243,5,False,True,False,False,False,False,False,False,False,True,False,False,False,False,False,False,False,False,False,False,False,False,False,False,False,False,False,False,False,False,False,False,False,False,False,False,False,False,False,False,False,False,False,False,False,False,False,False,False,False
-0.9001758712014082,-2.058533329734079,2.072853574090186,0.7925650467727671,1,0,0.7535350783735029,1.10835863564165,1.1676041736354432,-1.3793478224492113,3,False,True,False,False,False,False,False,False,False,True,False,False,False,False,False,False,False,False,False,False,False,False,False,False,False,False,False,False,False,False,False,False,False,False,False,False,False,False,False,False,False,False,False,False,False,False,False,False,False,False
-0.9086119369712778,-2.040021793914859,-0.475457482687542,-0.452279759441718,1,0,-1.5424383409728681,-0.47343653249280243,-1.0229540807156703,-0.2906546678540406,6,False,True,False,False,False,False,False,False,False,True,False,False,False,False,False,False,False,False,False,False,False,False,False,False,False,False,False,False,False,False,False,False,False,False,False,False,False,False,False,False,False,False,False,False,False,False,False,False,False,False
-0.9052266069931543,-2.0551653541927157,0.002350840458282005,-0.33372311123081466,1,0,0.8264231234321197,0.20060993106682426,0.045281117393822914,-0.15107862239312125,5,False,True,False,False,False,False,False,False,False,True,False,False,False,False,False,False,False,False,False,False,False,False,False,False,False,False,False,False,False,False,False,False,False,False,False,False,False,False,False,False,False,False,False,False,False,False,False,False,False,False
-0.8273644501816331,-1.870797081960834,-0.475457482687542,-0.5115580835471697,1,0,0.20687474043389217,-0.48327662685133715,-1.0770419388477963,-0.09524820420875353,6,False,True,False,False,False,False,False,False,False,True,False,False,False,False,False,False,False,False,False,False,False,False,False,False,False,False,False,False,False,False,False,False,False,False,False,False,False,False,False,False,False,False,False,False,False,False,False,False,False,False
-0.9165923850945554,-2.0566193405603928,2.3913924561874023,3.1044196868853824,1,0,0.6077589882562744,2.6114330489078252,0.6132036277811489,-1.016450104250821,4,False,True,False,False,False,False,False,False,False,True,False,False,False,False,False,False,False,False,False,False,False,False,False,False,False,False,False,False,False,False,False,False,False,False,False,False,False,False,False,False,False,False,False,False,False,False,False,False,False,False
-0.8520288117285397,-2.03268671277109,-0.156918600590326,0.43689510214005706,1,0,0.20687474043389217,-0.1634735601989595,-0.008806740738303138,-0.206909040577489,5,False,True,False,False,False,False,False,False,False,True,False,False,False,False,False,False,False,False,False,False,False,False,False,False,False,False,False,False,False,False,False,False,False,False,False,False,False,False,False,False,False,False,False,False,False,False,False,False,False,False
-0.9341425345376398,-2.0065009540967136,-0.475457482687542,-0.33372311123081466,1,0,-0.41267364256433525,-0.44145622582756466,-1.0229540807156703,-0.06733299511656966,6,False,True,False,False,False,False,False,False,False,True,False,False,False,False,False,False,False,False,False,False,False,False,False,False,False,False,False,False,False,False,False,False,False,False,False,False,False,False,False,False,False,False,False,False,False,False,False,False,False,False
-1.0364051148481814,-2.0069980980955417,-0.63472692373615,-0.27444478712536297,1,0,-0.4855616876229503,-0.4857366504409708,-0.8471685417862603,-0.12316341330093739,6,False,True,False,False,False,False,False,False,False,True,False,False,False,False,False,False,False,False,False,False,False,False,False,False,False,False,False,False,False,False,False,False,False,False,False,False,False,False,False,False,False,False,False,False,False,False,False,False,False,False
-0.7738698327844746,-1.9511566191432117,-0.475457482687542,-0.3930014353362663,1,0,-0.1940095073884916,-0.40701589557269324,0.9782966701730005,0.1839038867130851,3,False,True,False,False,False,False,False,False,False,True,False,False,False,False,False,False,False,False,False,False,False,False,False,False,False,False,False,False,False,False,False,False,False,False,False,False,False,False,False,False,False,False,False,False,False,False,False,False,False,False
-0.93134349317408,-2.0035001283793554,-0.31618804163893405,-0.3930014353362663,1,0,0.5713149657269676,-0.040472380717275803,-0.9688662225835443,0.46305597763492373,6,False,True,False,False,False,False,False,False,False,True,False,False,False,False,False,False,False,False,False,False,False,False,False,False,False,False,False,False,False,False,False,False,False,False,False,False,False,False,False,False,False,False,False,False,False,False,False,False,False,False
-0.9227010365044689,-2.032709849907596,-0.31618804163893405,-0.15588813891445966,1,0,0.38909485308042907,-0.1536334658404248,-0.8336465772532285,0.5188863958192915,6,False,True,False,False,False,False,False,False,False,True,False,False,False,False,False,False,False,False,False,False,False,False,False,False,False,False,False,False,False,False,False,False,False,False,False,False,False,False,False,False,False,False,False,False,False,False,False,False,False,False
-0.7705256079121701,-1.9084290256125302,-0.475457482687542,-0.3930014353362663,0,0,-0.1211214623298765,-0.2692545745532075,-0.8606905063192911,0.630547232188027,6,False,True,False,False,False,False,False,False,False,True,False,False,False,False,False,False,False,False,False,False,False,False,False,False,False,False,False,False,False,False,False,False,False,False,False,False,False,False,False,False,False,False,False,False,False,False,False,False,False,False
-0.9260218963692564,-2.00363499353029,-0.475457482687542,-0.5115580835471697,1,0,-0.37622962003502847,-0.55215728736108,-0.8877344353853547,0.7422080685567624,6,False,True,False,False,False,False,False,False,False,True,False,False,False,False,False,False,False,False,False,False,False,False,False,False,False,False,False,False,False,False,False,False,False,False,False,False,False,False,False,False,False,False,False,False,False,False,False,False,False,False
-0.7737690171038882,-1.90593904351429,-0.475457482687542,-0.5115580835471697,1,0,0.316206808021814,-0.45621636736536675,-0.8877344353853547,0.825953695833314,6,False,True,False,False,False,False,False,False,False,True,False,False,False,False,False,False,False,False,False,False,False,False,False,False,False,False,False,False,False,False,False,False,False,False,False,False,False,False,False,False,False,False,False,False,False,False,False,False,False,False
-0.8087412411340316,-1.9817183409769055,-0.63472692373615,-0.5708364076526213,1,0,0.24331876296319893,-0.5004967919787728,-0.6849049673898813,0.825953695833314,6,False,True,False,False,False,False,False,False,False,True,False,False,False,False,False,False,False,False,False,False,False,False,False,False,False,False,False,False,False,False,False,False,False,False,False,False,False,False,False,False,False,False,False,False,False,False,False,False,False,False
-1.0214558368900828,-2.0120940524105415,-0.475457482687542,-0.5708364076526213,1,0,-0.26689755244710506,-0.49557674479950553,-0.3468558540640922,0.9934449503864172,5,False,True,False,False,False,False,False,False,False,True,False,False,False,False,False,False,False,False,False,False,False,False,False,False,False,False,False,False,False,False,False,False,False,False,False,False,False,False,False,False,False,False,False,False,False,False,False,False,False,False
-0.8664727132277364,-2.038354093470539,-0.7939963647847581,-0.6893930558635247,0,1,0.06109865031666202,-0.49065669762023817,-0.3130509427315133,0.9934449503864172,6,False,True,False,False,False,False,False,False,False,True,False,False,False,False,False,False,False,False,False,False,False,False,False,False,False,False,False,False,False,False,False,False,False,False,False,False,False,False,False,False,False,False,False,False,False,False,False,False,False,False
-0.8327916222056119,-2.023005952196223,-0.7939963647847581,-0.6893930558635247,0,0,2.5757362048388783,-0.4980367683891392,-0.3468558540640922,1.021360159478601,5,False,True,False,False,False,False,False,False,False,True,False,False,False,False,False,False,False,False,False,False,False,False,False,False,False,False,False,False,False,False,False,False,False,False,False,False,False,False,False,False,False,False,False,False,False,False,False,False,False,False
-1.0899278567914257,-2.02718677187529,-0.7939963647847581,-0.6893930558635247,0,0,-2.0890986789124804,-0.5718374760781494,-0.3130509427315133,1.021360159478601,6,False,True,False,False,False,False,False,False,False,True,False,False,False,False,False,False,False,False,False,False,False,False,False,False,False,False,False,False,False,False,False,False,False,False,False,False,False,False,False,False,False,False,False,False,False,False,False,False,False,False
-0.9115100632741246,-2.0392969317830745,-0.63472692373615,-0.3930014353362663,1,0,-1.323774205797023,-0.46113641454463405,-0.468553534861376,1.1051057867551526,5,False,True,False,False,False,False,False,False,False,True,False,False,False,False,False,False,False,False,False,False,False,False,False,False,False,False,False,False,False,False,False,False,False,False,False,False,False,False,False,False,False,False,False,False,False,False,False,False,False,False
-0.9167243541185001,-2.066346679844269,-0.63472692373615,-0.630114731758073,1,0,-2.9637552196158614,-0.5693774524885157,-0.6172951447247235,1.272597041308256,6,False,True,False,False,False,False,False,False,False,True,False,False,False,False,False,False,False,False,False,False,False,False,False,False,False,False,False,False,False,False,False,False,False,False,False,False,False,False,False,False,False,False,False,False,False,False,False,False,False,False
-0.8973435130678705,-2.0608001602394506,-0.475457482687542,-0.452279759441718,0,0,-0.26689755244710506,-0.5226370042854759,-0.2927679959319661,1.3284274594926235,5,False,True,False,False,False,False,False,False,False,True,False,False,False,False,False,False,False,False,False,False,False,False,False,False,False,False,False,False,False,False,False,False,False,False,False,False,False,False,False,False,False,False,False,False,False,False,False,False,False,False
-1.0099165519735949,-2.062142723028696,0.002350840458282005,0.02194683340189537,1,0,0.06109865031666202,-0.2889347632702769,-1.0229540807156703,-0.06733299511656966,6,False,True,False,False,False,False,False,False,False,False,False,False,False,False,False,False,False,False,False,False,False,False,False,False,False,False,False,False,False,False,False,False,False,False,False,False,True,False,False,False,False,False,False,False,False,False,False,False,False,False
-1.2613634072288462,-2.1846724314136194,-0.475457482687542,-0.33372311123081466,1,0,-0.5948937552108737,-0.4980367683891392,-1.0094321161826385,-0.7093828042367986,6,False,True,False,False,False,False,False,False,False,False,False,False,False,False,False,False,False,False,False,False,False,False,False,False,False,False,False,False,False,True,False,False,False,False,False,False,False,False,False,False,False,False,False,False,False,False,False,False,False,False
-1.266557794548294,-2.2057065239837845,-0.156918600590326,-0.27444478712536297,1,0,-0.1940095073884916,-0.29139478685991055,-1.0094321161826385,0.2955647230818206,6,False,True,False,False,False,False,False,False,False,False,False,False,False,False,False,False,False,False,False,False,False,False,False,False,False,False,False,False,False,True,False,False,False,False,False,False,False,False,False,False,False,False,False,False,False,False,False,False,False,False
-1.2385479100731098,-2.195380054638856,-0.63472692373615,-0.3930014353362663,1,0,0.38909485308042907,-0.31353499916661365,-0.8471685417862603,0.630547232188027,6,False,True,False,False,False,False,False,False,False,False,False,False,False,False,False,False,False,False,False,False,False,False,False,False,False,False,False,False,False,True,False,False,False,False,False,False,False,False,False,False,False,False,False,False,False,False,False,False,False,False
-1.1092424969874197,-2.2311071421970596,0.002350840458282005,-0.21516646301991132,1,0,0.49842692066835254,-0.31107497557697994,-0.8742124708523229,0.7980384867411301,6,False,True,False,False,False,False,False,False,False,False,False,False,False,False,False,False,False,False,False,False,False,False,False,False,False,False,False,False,False,True,False,False,False,False,False,False,False,False,False,False,False,False,False,False,False,False,False,False,False,False
-1.2337148149995358,-2.215438429807766,-0.7939963647847581,-0.630114731758073,0,0,-0.1940095073884916,-0.446376273006832,-0.9147783644514181,0.825953695833314,6,False,True,False,False,False,False,False,False,False,False,False,False,False,False,False,False,False,False,False,False,False,False,False,False,False,False,False,False,False,True,False,False,False,False,False,False,False,False,False,False,False,False,False,False,False,False,False,False,False,False
-1.2146442093265035,-2.157952691983619,-0.7939963647847581,-0.5708364076526213,0,0,-0.37622962003502847,-0.5324770986440106,-1.0229540807156703,0.8538689049254978,6,False,True,False,False,False,False,False,False,False,False,False,False,False,False,False,False,False,False,False,False,False,False,False,False,False,False,False,False,False,True,False,False,False,False,False,False,False,False,False,False,False,False,False,False,False,False,False,False,False,False
-1.2262544546361926,-1.9554442958606042,0.48015916360410604,0.7332867226673154,1,0,0.1339866953752771,-0.1733136545574942,-0.07641656340346095,-0.15107862239312125,5,False,True,False,False,False,False,False,False,False,False,False,False,False,False,False,False,False,False,False,False,False,False,False,True,False,False,False,False,False,False,False,False,False,False,False,False,False,False,False,False,False,False,False,False,False,False,False,False,False,False
-1.237826623637332,-1.9453126655599213,0.639428604652714,0.2590601298237021,1,0,-0.04823341727126142,0.1317292705570814,-0.49559746392743953,-0.45814592240714375,5,False,True,False,False,False,False,False,False,False,False,False,False,False,False,False,False,False,False,False,False,False,False,False,True,False,False,False,False,False,False,False,False,False,False,False,False,False,False,False,False,False,False,False,False,False,False,False,False,False,False
-1.240881814712937,-1.949108069254597,-0.63472692373615,-0.630114731758073,0,0,-1.1051100706211794,-0.48081660326170345,-0.9823881871165759,0.1280734685287174,6,False,True,False,False,False,False,False,False,False,False,False,False,False,False,False,False,False,False,False,False,False,False,False,True,False,False,False,False,False,False,False,False,False,False,False,False,False,False,False,False,False,False,False,False,False,False,False,False,False,False
-1.230979811063989,-1.9473566489084482,-0.63472692373615,-0.5708364076526213,1,0,1.7010796641355006,-0.47343653249280243,-0.41446567672925,0.7142928594645785,5,False,True,False,False,False,False,False,False,False,False,False,False,False,False,False,False,False,False,False,False,False,False,False,True,False,False,False,False,False,False,False,False,False,False,False,False,False,False,False,False,False,False,False,False,False,False,False,False,False,False
-1.1762524731776092,-1.998631892197312,-0.475457482687542,-0.21516646301991132,1,0,-0.3397855975057201,-0.3701155417281881,-0.7660367545880707,0.7701232776489463,6,False,True,False,False,False,False,False,False,False,False,False,False,False,False,False,False,False,False,False,False,False,False,False,True,False,False,False,False,False,False,False,False,False,False,False,False,False,False,False,False,False,False,False,False,False,False,False,False,False,False
-1.2777223739738486,-1.9261091466976368,-0.63472692373615,-0.5708364076526213,0,0,-0.3397855975057201,-0.5250970278751096,-0.3130509427315133,0.044327841252165795,6,False,True,False,False,False,False,False,False,False,False,False,False,False,False,False,False,False,False,False,False,False,False,False,True,False,False,False,False,False,False,False,False,False,False,False,False,False,False,False,False,False,False,False,False,False,False,False,False,False,False
-1.2172325329370797,-1.9577717091313072,-0.475457482687542,-0.452279759441718,1,0,1.0815312811372733,-0.3725755653178218,-0.5091194284604713,0.8817841140176818,5,False,True,False,False,False,False,False,False,False,False,False,False,False,False,False,False,False,False,False,False,False,False,False,True,False,False,False,False,False,False,False,False,False,False,False,False,False,False,False,False,False,False,False,False,False,False,False,False,False,False
-1.0532240260930243,-1.6419823705048273,-0.31618804163893405,-0.27444478712536297,1,0,-0.6677818002694889,-0.4291561078793963,-0.8336465772532285,-0.09524820420875353,6,False,True,False,False,False,False,False,False,False,False,False,False,False,False,False,False,False,False,False,False,False,False,False,False,False,False,False,False,False,False,False,False,True,False,False,False,False,False,False,False,False,False,False,False,False,False,False,False,False,False
-1.0181198330389396,-1.713404275404526,0.002350840458282005,-0.0373314907035563,1,0,0.20687474043389217,-0.31107497557697994,-1.0094321161826385,-0.6535523860524308,6,False,True,False,False,False,False,False,False,False,False,False,False,False,False,False,False,False,False,False,False,False,False,False,False,False,False,False,False,False,False,False,False,True,False,False,False,False,False,False,False,False,False,False,False,False,False,False,False,False,False
-1.030045505950118,-1.7132231359805792,-0.31618804163893405,-0.452279759441718,1,0,0.4619828981390442,-0.10197297045811765,1.0188625637720958,0.7980384867411301,3,False,True,False,False,False,False,False,False,False,False,False,False,False,False,False,False,False,False,False,False,False,False,False,False,False,False,False,False,False,False,False,False,True,False,False,False,False,False,False,False,False,False,False,False,False,False,False,False,False,False
-1.612721630741835,-1.7364126354776939,-0.31618804163893405,-0.3930014353362663,1,0,1.0815312811372733,-0.4020958483934259,-0.3130509427315133,-0.09524820420875353,6,False,True,False,False,False,False,False,False,False,False,False,False,False,False,False,False,False,False,False,False,False,False,False,False,False,False,False,True,False,False,False,False,False,False,False,False,False,False,False,False,False,False,False,False,False,False,False,False,False,False
-1.6366184085232514,-1.7396040381352067,-0.63472692373615,-0.630114731758073,0,0,-0.1211214623298765,-0.4931167212098718,-0.6172951447247235,0.46305597763492373,6,False,True,False,False,False,False,False,False,False,False,False,False,False,False,False,False,False,False,False,False,False,False,False,False,False,False,False,True,False,False,False,False,False,False,False,False,False,False,False,False,False,False,False,False,False,False,False,False,False,False
-1.6417245280365225,-1.7448159825687342,-0.63472692373615,-0.630114731758073,0,0,-0.4855616876229503,-0.5275570514647433,-0.9147783644514181,0.630547232188027,6,False,True,False,False,False,False,False,False,False,False,False,False,False,False,False,False,False,False,False,False,False,False,False,False,False,False,False,True,False,False,False,False,False,False,False,False,False,False,False,False,False,False,False,False,False,False,False,False,False,False
-1.3398313234945323,-1.675972346209192,0.48015916360410604,0.02194683340189537,1,1,-0.6313377777401805,-0.35781542378001974,-0.3130509427315133,0.7701232776489463,6,False,True,False,False,False,False,False,False,False,False,False,False,False,False,False,False,False,False,False,False,False,False,False,False,False,False,False,True,False,False,False,False,False,False,False,False,False,False,False,False,False,False,False,False,False,False,False,False,False,False
-1.8049005483164267,-2.016033149900348,0.002350840458282005,-0.21516646301991132,1,0,0.27976278549250727,-0.23973429147760342,-0.8471685417862603,-1.0722805224351888,6,False,True,False,False,False,False,False,False,False,False,False,False,False,False,False,False,False,False,False,False,True,False,False,False,False,False,False,False,False,False,False,False,False,False,False,False,False,False,False,False,False,False,False,False,False,False,False,False,False,False
-1.6958677407349596,-1.933221076248546,-0.63472692373615,-0.452279759441718,0,0,0.7535350783735029,-0.5127969099269413,-1.0229540807156703,-0.12316341330093739,6,False,True,False,False,False,False,False,False,False,False,False,False,False,False,False,False,False,False,False,False,True,False,False,False,False,False,False,False,False,False,False,False,False,False,False,False,False,False,False,False,False,False,False,False,False,False,False,False,False,False
-1.776634946814519,-2.002087849744594,-0.475457482687542,-0.452279759441718,1,0,0.09754267284596875,-0.3701155417281881,-0.9553442580505125,0.21181909580526898,6,False,True,False,False,False,False,False,False,False,False,False,False,False,False,False,False,False,False,False,False,True,False,False,False,False,False,False,False,False,False,False,False,False,False,False,False,False,False,False,False,False,False,False,False,False,False,False,False,False,False
-1.6609461408877713,-2.067433820823947,-0.475457482687542,-0.5115580835471697,1,0,0.8264231234321197,-0.43407615505866365,-0.9283003289844489,0.630547232188027,6,False,True,False,False,False,False,False,False,False,False,False,False,False,False,False,False,False,False,False,False,True,False,False,False,False,False,False,False,False,False,False,False,False,False,False,False,False,False,False,False,False,False,False,False,False,False,False,False,False,False
-3.981166241959051,-2.8275761281132588,-0.7939963647847581,-0.6893930558635247,1,0,-0.6313377777401805,-0.5742974996677831,-0.3130509427315133,1.1330209958473365,6,False,True,False,False,False,False,False,False,False,False,False,False,False,False,False,False,False,False,False,False,False,False,False,False,False,False,False,False,False,False,False,False,False,False,True,False,False,False,False,False,False,False,False,False,False,False,False,False,False,False
-4.068135126793269,-2.8506191938911813,0.16162028150689,0.14050348161279871,1,0,0.49842692066835254,0.06530863363697219,-0.1981142442007448,0.044327841252165795,5,False,True,False,False,False,False,False,False,False,False,False,False,False,False,False,False,False,False,False,False,False,False,False,False,False,False,False,False,False,False,False,False,False,False,True,False,False,False,False,False,False,False,False,False,False,False,False,False,False,False
-4.095267092745242,-2.867611898473311,-0.31618804163893405,-0.33372311123081466,1,0,0.24331876296319893,-0.28401471609100953,-0.7525147900550391,-0.2627394587618567,6,False,True,False,False,False,False,False,False,False,False,False,False,False,False,False,False,False,False,False,False,False,False,False,False,False,False,False,False,False,False,False,False,False,False,True,False,False,False,False,False,False,False,False,False,False,False,False,False,False,False
-4.078642889896381,-2.850735488445715,-0.63472692373615,-0.630114731758073,1,0,1.5188595514889638,-0.5201769806958423,-0.5496853220595657,0.9096993231098656,6,False,True,False,False,False,False,False,False,False,False,False,False,False,False,False,False,False,False,False,False,False,False,False,False,False,False,False,False,False,False,False,False,False,False,True,False,False,False,False,False,False,False,False,False,False,False,False,False,False,False
0.181552583790765,0.941826296103326,-0.7939963647847581,-0.630114731758073,0,0,-6.608157472546613,-0.5792175468470504,-0.7525147900550391,1.440088295861359,6,False,True,False,False,False,False,False,False,False,False,False,False,False,False,False,False,True,False,False,False,False,False,False,False,False,False,False,False,False,False,False,False,False,False,False,False,False,False,False,False,False,False,False,False,False,False,False,False,False,False
-0.412586240615019,-0.47466786404255,-0.63472692373615,-0.630114731758073,0,0,0.024654627787353667,-0.34428529403703456,-0.5767292511256291,1.440088295861359,6,False,True,False,False,False,False,False,False,False,False,False,False,False,False,False,False,False,False,False,False,False,False,False,False,False,False,False,False,False,False,False,False,False,False,False,True,False,False,False,False,False,False,False,False,False,False,False,False,False,False
-0.8543263708011136,-2.035478695387907,-0.63472692373615,-0.5708364076526213,0,0,-1.1415540931504862,-0.5767575232574168,-0.9553442580505125,1.440088295861359,6,False,True,False,False,False,False,False,False,False,True,False,False,False,False,False,False,False,False,False,False,False,False,False,False,False,False,False,False,False,False,False,False,False,False,False,False,False,False,False,False,False,False,False,False,False,False,False,False,False,False
